features,importances
acc_x_mean,0.0017885865
acc_y_mean,0.0015107045
acc_z_mean,0.026829323
acc_x_var,0.0027584587
acc_y_var,0.0024292187
acc_z_var,0.0031229036
acc_x_std,0.0015838996
acc_y_std,0.00094659475
acc_z_std,0.0037384192
acc_x_cv,0.002092312
acc_y_cv,0.0030396685
acc_z_cv,0.0011711057
acc_x_skew,0.0007241985
acc_y_skew,0.0006463757
acc_z_skew,0.0009647371
acc_x_kurtosis,0.0021183526
acc_y_kurtosis,0.0010981349
acc_z_kurtosis,0.0026350191
acc_x_max,0.002108643
acc_y_max,0.0016817264
acc_z_max,0.04268093
acc_x_min,0.0014507995
acc_y_min,0.0019323388
acc_z_min,0.040123973
acc_x_range,0.0117514115
acc_y_range,0.0039066365
acc_z_range,0.0037775128
acc_x_q25,0.0023877064
acc_y_q25,0.0051829712
acc_z_q25,0.013962623
acc_x_q50,0.002942414
acc_y_q50,0.0011737316
acc_z_q50,0.0024233516
acc_x_q75,0.0060192286
acc_y_q75,0.0020665682
acc_z_q75,0.008289271
mag_mean,0.0018458107
mag_var,0.00153702
mag_skew,0.002513014
mag_kurtosis,0.0012561332
mag_rms,0.0035971715
acc_x_norm,0.0041366303
acc_y_norm,0.0061111306
acc_z_norm,0.019107828
acc_x_ac,0.011309316
acc_y_ac,0.006018111
acc_z_ac,0.0119957235
acc_x_trend,0.0008959338
acc_y_trend,0.00057918014
acc_z_trend,0.00055273314
mag_trend,0.00070560357
cov_xy,0.0013650645
cov_yz,0.018443743
cov_zx,0.014394742
corr_xy,0.0016407724
corr_yz,0.0026950596
corr_zx,0.003356904
diff_xy_mean,0.0024163402
diff_yz_mean,0.0013623129
diff_zx_mean,0.0047136233
diff_xy_std,0.002057524
diff_yz_std,0.0037396236
diff_zx_std,0.006394829
acc_x_st_mean,0.0015602689
acc_y_st_mean,0.0031662565
acc_z_st_mean,0.0074679498
acc_x_st_var,0.0064284806
acc_y_st_var,0.0011773787
acc_z_st_var,0.0019323663
pitch_mean,0.0018700003
pitch_var,0.040685605
roll_mean,0.0031517157
roll_var,0.042648688
acc_x_dy_mean,0.0012392236
acc_y_dy_mean,0.0008021374
acc_z_dy_mean,0.0015402356
acc_x_dy_var,0.0021706738
acc_y_dy_var,0.0048673316
acc_z_dy_var,0.0024797132
acc_x_dy_max,0.0022859264
acc_y_dy_max,0.0013625277
acc_z_dy_max,0.002346996
acc_x_PDBA_mean,0.002463173
acc_y_PDBA_mean,0.0014803271
acc_z_PDBA_mean,0.0014862885
ODBA_mean,0.0034502668
ODBA_var,0.012122242
ODBA_max,0.00051488954
VeDBA_mean,0.10337754
VeDBA_var,0.10782414
VeDBA_max,0.0007776035
VeDBA_s_mean,0.00032400497
x_ratio_VeDBA_to_PDBA_mean,0.00087510183
y_ratio_VeDBA_to_PDBA_mean,0.0010727423
z_ratio_VeDBA_to_PDBA_mean,0.002503406
acc_x_dcp_mean,0.17354196
acc_y_dcp_mean,0.023593802
acc_z_dcp_mean,0.034636717
acc_x_dcp_std,0.002743929
acc_y_dcp_std,0.0018245173
acc_z_dcp_std,0.0014275195
acc_x_main_freq_1,0.0030616925
acc_x_main_amp_1,0.0008268349
acc_x_main_psd_1,0.0042758635
acc_x_main_freq_2,0.0027259155
acc_x_main_amp_2,0.0013005032
acc_x_main_psd_2,0.003955947
acc_y_main_freq_1,0.0020272338
acc_y_main_amp_1,0.0010195064
acc_y_main_psd_1,0.0021044614
acc_y_main_freq_2,0.0034560156
acc_y_main_amp_2,0.0019308975
acc_y_main_psd_2,0.0034463517
acc_z_main_freq_1,0.008031437
acc_z_main_amp_1,0.0013805882
acc_z_main_psd_1,0.0017682227
acc_z_main_freq_2,0.0029519242
acc_z_main_amp_2,0.0011117186
acc_z_main_psd_2,0.0015994494
acc_x_mean,0.009713606
acc_y_mean,0.0023946178
acc_z_mean,0.0011548229
acc_x_var,0.0021705956
acc_y_var,0.00082791306
acc_z_var,0.0024959582
acc_x_std,0.0031849798
acc_y_std,0.0051148636
acc_z_std,0.00464626
acc_x_cv,0.002596855
acc_y_cv,0.0036779414
acc_z_cv,0.018858314
acc_x_skew,0.0010705163
acc_y_skew,0.0006120258
acc_z_skew,0.0014339248
acc_x_kurtosis,0.0024570676
acc_y_kurtosis,0.0014374872
acc_z_kurtosis,0.0031627994
acc_x_max,0.0022695335
acc_y_max,0.0016638854
acc_z_max,0.052242693
acc_x_min,0.0017712628
acc_y_min,0.0019617558
acc_z_min,0.030419758
acc_x_range,0.0012633699
acc_y_range,0.0034474956
acc_z_range,0.0025364496
acc_x_q25,0.004940785
acc_y_q25,0.007462218
acc_z_q25,0.010008157
acc_x_q50,0.0031831309
acc_y_q50,0.002103601
acc_z_q50,0.0032168268
acc_x_q75,0.0113878
acc_y_q75,0.0021413157
acc_z_q75,0.0027827064
mag_mean,0.0027143012
mag_var,0.0019304041
mag_skew,0.0020889074
mag_kurtosis,0.00085476233
mag_rms,0.0009484651
acc_x_norm,0.0040655406
acc_y_norm,0.0032698023
acc_z_norm,0.016703205
acc_x_ac,0.013334435
acc_y_ac,0.005300009
acc_z_ac,0.015637947
acc_x_trend,0.0009517978
acc_y_trend,0.000849103
acc_z_trend,0.00064572337
mag_trend,0.0012240369
cov_xy,0.0022717717
cov_yz,0.021761807
cov_zx,0.016334482
corr_xy,0.0014596713
corr_yz,0.0040348484
corr_zx,0.002957694
diff_xy_mean,0.0059985663
diff_yz_mean,0.003665052
diff_zx_mean,0.005139297
diff_xy_std,0.0018279391
diff_yz_std,0.0023671885
diff_zx_std,0.011122623
acc_x_st_mean,0.0041323705
acc_y_st_mean,0.004375636
acc_z_st_mean,0.008575001
acc_x_st_var,0.00545028
acc_y_st_var,0.0016492519
acc_z_st_var,0.003396474
pitch_mean,0.0014718301
pitch_var,0.04758347
roll_mean,0.0047933897
roll_var,0.051392127
acc_x_dy_mean,0.0014416295
acc_y_dy_mean,0.0015803974
acc_z_dy_mean,0.0017499869
acc_x_dy_var,0.001954467
acc_y_dy_var,0.005042385
acc_z_dy_var,0.0033012703
acc_x_dy_max,0.0017219887
acc_y_dy_max,0.0025278595
acc_z_dy_max,0.004734717
acc_x_PDBA_mean,0.0026727393
acc_y_PDBA_mean,0.0019008924
acc_z_PDBA_mean,0.0014076314
ODBA_mean,0.00434454
ODBA_var,0.009011051
ODBA_max,0.0006400447
VeDBA_mean,0.05756348
VeDBA_var,0.06554101
VeDBA_max,0.0011893217
VeDBA_s_mean,0.0024640195
x_ratio_VeDBA_to_PDBA_mean,0.001133164
y_ratio_VeDBA_to_PDBA_mean,0.0017855903
z_ratio_VeDBA_to_PDBA_mean,0.0019744034
acc_x_dcp_mean,0.14268288
acc_y_dcp_mean,0.02579664
acc_z_dcp_mean,0.076447025
acc_x_dcp_std,0.0138165895
acc_y_dcp_std,0.001985638
acc_z_dcp_std,0.0017636506
acc_x_main_freq_1,0.004684095
acc_x_main_amp_1,0.002607949
acc_x_main_psd_1,0.0036528136
acc_x_main_freq_2,0.0028066891
acc_x_main_amp_2,0.0012290719
acc_x_main_psd_2,0.0017329851
acc_y_main_freq_1,0.0036784604
acc_y_main_amp_1,0.0020430137
acc_y_main_psd_1,0.013685027
acc_y_main_freq_2,0.0028706815
acc_y_main_amp_2,0.0013797644
acc_y_main_psd_2,0.006709819
acc_z_main_freq_1,0.008700134
acc_z_main_amp_1,0.0032917073
acc_z_main_psd_1,0.002311245
acc_z_main_freq_2,0.0034979547
acc_z_main_amp_2,0.0010572108
acc_z_main_psd_2,0.0017938237
acc_x_mean,0.004918667
acc_y_mean,0.0027957268
acc_z_mean,0.008408437
acc_x_var,0.002236469
acc_y_var,0.0008849656
acc_z_var,0.004332038
acc_x_std,0.0013016711
acc_y_std,0.005128133
acc_z_std,0.005778478
acc_x_cv,0.002697886
acc_y_cv,0.0025620803
acc_z_cv,0.0014439382
acc_x_skew,0.0007273474
acc_y_skew,0.00086877315
acc_z_skew,0.0015380795
acc_x_kurtosis,0.0024264217
acc_y_kurtosis,0.0013793255
acc_z_kurtosis,0.0013563674
acc_x_max,0.0021665716
acc_y_max,0.0020103208
acc_z_max,0.042597428
acc_x_min,0.0018856806
acc_y_min,0.0027889204
acc_z_min,0.026101742
acc_x_range,0.0021007597
acc_y_range,0.0013686335
acc_z_range,0.0046910993
acc_x_q25,0.0022515096
acc_y_q25,0.00768389
acc_z_q25,0.024737448
acc_x_q50,0.0046391594
acc_y_q50,0.0024201404
acc_z_q50,0.0051718694
acc_x_q75,0.009217844
acc_y_q75,0.0015228341
acc_z_q75,0.0033547245
mag_mean,0.0019621272
mag_var,0.0014551339
mag_skew,0.003026004
mag_kurtosis,0.00064372976
mag_rms,0.0014731089
acc_x_norm,0.0040920665
acc_y_norm,0.0038963037
acc_z_norm,0.0041926075
acc_x_ac,0.016553877
acc_y_ac,0.0067142877
acc_z_ac,0.013183925
acc_x_trend,0.0007197777
acc_y_trend,0.0006365457
acc_z_trend,0.001071155
mag_trend,0.0013499863
cov_xy,0.0008776663
cov_yz,0.012533625
cov_zx,0.021568378
corr_xy,0.0013836981
corr_yz,0.0038553244
corr_zx,0.0027166526
diff_xy_mean,0.0033093095
diff_yz_mean,0.0023462481
diff_zx_mean,0.005597855
diff_xy_std,0.0012796993
diff_yz_std,0.004566316
diff_zx_std,0.0026780851
acc_x_st_mean,0.0017039895
acc_y_st_mean,0.0032497782
acc_z_st_mean,0.007984379
acc_x_st_var,0.006583373
acc_y_st_var,0.0025028498
acc_z_st_var,0.0026228034
pitch_mean,0.0010989191
pitch_var,0.044445787
roll_mean,0.0020927137
roll_var,0.049426552
acc_x_dy_mean,0.0016088474
acc_y_dy_mean,0.00075845385
acc_z_dy_mean,0.0012176447
acc_x_dy_var,0.0021650873
acc_y_dy_var,0.0042344355
acc_z_dy_var,0.0036055166
acc_x_dy_max,0.0028493733
acc_y_dy_max,0.0027238224
acc_z_dy_max,0.0028325324
acc_x_PDBA_mean,0.0044000815
acc_y_PDBA_mean,0.0020337896
acc_z_PDBA_mean,0.001247763
ODBA_mean,0.005968672
ODBA_var,0.014747169
ODBA_max,0.00086726353
VeDBA_mean,0.106663965
VeDBA_var,0.13453485
VeDBA_max,0.0008831858
VeDBA_s_mean,0.0006980801
x_ratio_VeDBA_to_PDBA_mean,0.00085347483
y_ratio_VeDBA_to_PDBA_mean,0.0013443374
z_ratio_VeDBA_to_PDBA_mean,0.0021763025
acc_x_dcp_mean,0.13276272
acc_y_dcp_mean,0.02415828
acc_z_dcp_mean,0.0384717
acc_x_dcp_std,0.002174422
acc_y_dcp_std,0.0018470064
acc_z_dcp_std,0.0016918199
acc_x_main_freq_1,0.00446961
acc_x_main_amp_1,0.0016330441
acc_x_main_psd_1,0.002364312
acc_x_main_freq_2,0.0034597444
acc_x_main_amp_2,0.001702633
acc_x_main_psd_2,0.0023015952
acc_y_main_freq_1,0.0027232482
acc_y_main_amp_1,0.0007636147
acc_y_main_psd_1,0.010951823
acc_y_main_freq_2,0.003564248
acc_y_main_amp_2,0.0011837198
acc_y_main_psd_2,0.0034290194
acc_z_main_freq_1,0.009230865
acc_z_main_amp_1,0.002537037
acc_z_main_psd_1,0.00108635
acc_z_main_freq_2,0.0027693592
acc_z_main_amp_2,0.0014038044
acc_z_main_psd_2,0.002015259
acc_x_mean,0.0047250343
acc_y_mean,0.0011649613
acc_z_mean,0.0072305477
acc_x_var,0.002001375
acc_y_var,0.0015476141
acc_z_var,0.0042066346
acc_x_std,0.001902688
acc_y_std,0.00093067304
acc_z_std,0.002122575
acc_x_cv,0.0025063525
acc_y_cv,0.0037829592
acc_z_cv,0.0014491
acc_x_skew,0.0007656728
acc_y_skew,0.0007797358
acc_z_skew,0.0011634218
acc_x_kurtosis,0.002150666
acc_y_kurtosis,0.0014724698
acc_z_kurtosis,0.0015941755
acc_x_max,0.0020379745
acc_y_max,0.0014486855
acc_z_max,0.04827117
acc_x_min,0.0017871571
acc_y_min,0.0019023113
acc_z_min,0.034414973
acc_x_range,0.001985721
acc_y_range,0.0023827732
acc_z_range,0.0034589912
acc_x_q25,0.00264257
acc_y_q25,0.0050782426
acc_z_q25,0.020727407
acc_x_q50,0.003159258
acc_y_q50,0.0011373707
acc_z_q50,0.002209201
acc_x_q75,0.011763937
acc_y_q75,0.002297328
acc_z_q75,0.016053172
mag_mean,0.0018956035
mag_var,0.0023102397
mag_skew,0.002643002
mag_kurtosis,0.0016607103
mag_rms,0.0024228962
acc_x_norm,0.0061032036
acc_y_norm,0.0036696543
acc_z_norm,0.021334501
acc_x_ac,0.01056649
acc_y_ac,0.007009131
acc_z_ac,0.0131573295
acc_x_trend,0.0010023444
acc_y_trend,0.0007221209
acc_z_trend,0.0009407003
mag_trend,0.0010369831
cov_xy,0.0012039401
cov_yz,0.024035677
cov_zx,0.01353207
corr_xy,0.0015406036
corr_yz,0.0045904964
corr_zx,0.0032053483
diff_xy_mean,0.0033511568
diff_yz_mean,0.0016049272
diff_zx_mean,0.0051799705
diff_xy_std,0.0018674834
diff_yz_std,0.0025085367
diff_zx_std,0.0031949715
acc_x_st_mean,0.0042711496
acc_y_st_mean,0.0026560705
acc_z_st_mean,0.009660189
acc_x_st_var,0.0059091644
acc_y_st_var,0.0012187866
acc_z_st_var,0.0026356208
pitch_mean,0.0021548506
pitch_var,0.0486318
roll_mean,0.0033680322
roll_var,0.054166317
acc_x_dy_mean,0.001219753
acc_y_dy_mean,0.0007154332
acc_z_dy_mean,0.0012874407
acc_x_dy_var,0.0032286453
acc_y_dy_var,0.009112596
acc_z_dy_var,0.002826983
acc_x_dy_max,0.0015483412
acc_y_dy_max,0.0021686265
acc_z_dy_max,0.0028150212
acc_x_PDBA_mean,0.0027882424
acc_y_PDBA_mean,0.0010712253
acc_z_PDBA_mean,0.0019259555
ODBA_mean,0.002657004
ODBA_var,0.012282315
ODBA_max,0.0005290302
VeDBA_mean,0.10636911
VeDBA_var,0.051174577
VeDBA_max,0.00075574
VeDBA_s_mean,0.00581377
x_ratio_VeDBA_to_PDBA_mean,0.0008903792
y_ratio_VeDBA_to_PDBA_mean,0.0012085311
z_ratio_VeDBA_to_PDBA_mean,0.002232422
acc_x_dcp_mean,0.17212467
acc_y_dcp_mean,0.016969366
acc_z_dcp_mean,0.04319716
acc_x_dcp_std,0.005124767
acc_y_dcp_std,0.0024995324
acc_z_dcp_std,0.0035353436
acc_x_main_freq_1,0.004242276
acc_x_main_amp_1,0.00089444855
acc_x_main_psd_1,0.0063817585
acc_x_main_freq_2,0.0023607882
acc_x_main_amp_2,0.0013729301
acc_x_main_psd_2,0.0022561979
acc_y_main_freq_1,0.0020325494
acc_y_main_amp_1,0.0017224108
acc_y_main_psd_1,0.0134410225
acc_y_main_freq_2,0.0021549533
acc_y_main_amp_2,0.0013558466
acc_y_main_psd_2,0.0043643257
acc_z_main_freq_1,0.006681848
acc_z_main_amp_1,0.0025242937
acc_z_main_psd_1,0.002114414
acc_z_main_freq_2,0.0041168327
acc_z_main_amp_2,0.0012330555
acc_z_main_psd_2,0.0014610189
acc_x_mean,0.005392749
acc_y_mean,0.0014249164
acc_z_mean,0.015954126
acc_x_var,0.0029497275
acc_y_var,0.0012273401
acc_z_var,0.0030288987
acc_x_std,0.0013149345
acc_y_std,0.0021361772
acc_z_std,0.009984081
acc_x_cv,0.0027288273
acc_y_cv,0.0030025707
acc_z_cv,0.0009709278
acc_x_skew,0.00081804657
acc_y_skew,0.00067718513
acc_z_skew,0.002016841
acc_x_kurtosis,0.0016190024
acc_y_kurtosis,0.001162402
acc_z_kurtosis,0.001351326
acc_x_max,0.0017253286
acc_y_max,0.0014339535
acc_z_max,0.051034424
acc_x_min,0.0032381066
acc_y_min,0.0012981922
acc_z_min,0.030416094
acc_x_range,0.006503336
acc_y_range,0.0015529969
acc_z_range,0.003439909
acc_x_q25,0.005024342
acc_y_q25,0.0071939584
acc_z_q25,0.03162975
acc_x_q50,0.004422275
acc_y_q50,0.001964084
acc_z_q50,0.0037483363
acc_x_q75,0.008655228
acc_y_q75,0.0021457565
acc_z_q75,0.011706507
mag_mean,0.00088828907
mag_var,0.0020750642
mag_skew,0.0020898853
mag_kurtosis,0.0006638922
mag_rms,0.0014137796
acc_x_norm,0.0048265504
acc_y_norm,0.004608448
acc_z_norm,0.023060264
acc_x_ac,0.010995408
acc_y_ac,0.00611165
acc_z_ac,0.013194437
acc_x_trend,0.00086218957
acc_y_trend,0.00070628943
acc_z_trend,0.0009910732
mag_trend,0.0011528058
cov_xy,0.0011451098
cov_yz,0.022033218
cov_zx,0.01642694
corr_xy,0.0015636015
corr_yz,0.0039678803
corr_zx,0.002667155
diff_xy_mean,0.002534372
diff_yz_mean,0.0028571428
diff_zx_mean,0.007581126
diff_xy_std,0.0052672047
diff_yz_std,0.0020499032
diff_zx_std,0.004634298
acc_x_st_mean,0.0015986994
acc_y_st_mean,0.003953656
acc_z_st_mean,0.016707981
acc_x_st_var,0.0039868983
acc_y_st_var,0.0012310641
acc_z_st_var,0.0034409803
pitch_mean,0.0011491863
pitch_var,0.03557701
roll_mean,0.0029952098
roll_var,0.05515735
acc_x_dy_mean,0.001262833
acc_y_dy_mean,0.00070181873
acc_z_dy_mean,0.0018021466
acc_x_dy_var,0.0030744683
acc_y_dy_var,0.005921798
acc_z_dy_var,0.0019553553
acc_x_dy_max,0.0028187968
acc_y_dy_max,0.0018068517
acc_z_dy_max,0.0030035437
acc_x_PDBA_mean,0.0021805172
acc_y_PDBA_mean,0.0032365115
acc_z_PDBA_mean,0.0012082343
ODBA_mean,0.0031308045
ODBA_var,0.0056583146
ODBA_max,0.0012885394
VeDBA_mean,0.13057262
VeDBA_var,0.046956625
VeDBA_max,0.0012115025
VeDBA_s_mean,0.0005404512
x_ratio_VeDBA_to_PDBA_mean,0.0008436296
y_ratio_VeDBA_to_PDBA_mean,0.0013813452
z_ratio_VeDBA_to_PDBA_mean,0.0024309729
acc_x_dcp_mean,0.12954946
acc_y_dcp_mean,0.018473333
acc_z_dcp_mean,0.052890196
acc_x_dcp_std,0.0054863733
acc_y_dcp_std,0.0020767679
acc_z_dcp_std,0.0032054665
acc_x_main_freq_1,0.003868768
acc_x_main_amp_1,0.0014533742
acc_x_main_psd_1,0.0031681596
acc_x_main_freq_2,0.0024900613
acc_x_main_amp_2,0.0015397571
acc_x_main_psd_2,0.0020591922
acc_y_main_freq_1,0.0022382801
acc_y_main_amp_1,0.0036994256
acc_y_main_psd_1,0.015171599
acc_y_main_freq_2,0.0024609012
acc_y_main_amp_2,0.0009642285
acc_y_main_psd_2,0.0026865
acc_z_main_freq_1,0.0074925106
acc_z_main_amp_1,0.00076453097
acc_z_main_psd_1,0.0020721206
acc_z_main_freq_2,0.0030399181
acc_z_main_amp_2,0.0010186844
acc_z_main_psd_2,0.0020841584
acc_x_mean,0.007615157
acc_y_mean,0.0025745837
acc_z_mean,0.001222653
acc_x_var,0.0014562501
acc_y_var,0.00093913777
acc_z_var,0.0031357098
acc_x_std,0.001758984
acc_y_std,0.007023482
acc_z_std,0.005083972
acc_x_cv,0.0025439851
acc_y_cv,0.0032046593
acc_z_cv,0.0017527883
acc_x_skew,0.00074829365
acc_y_skew,0.0008114121
acc_z_skew,0.0020457185
acc_x_kurtosis,0.0023902291
acc_y_kurtosis,0.0012258231
acc_z_kurtosis,0.0014564547
acc_x_max,0.0028360658
acc_y_max,0.0024701876
acc_z_max,0.049035687
acc_x_min,0.0030157962
acc_y_min,0.003089804
acc_z_min,0.023612877
acc_x_range,0.0022639674
acc_y_range,0.0014618076
acc_z_range,0.0059799682
acc_x_q25,0.0025776448
acc_y_q25,0.0075946124
acc_z_q25,0.024917753
acc_x_q50,0.0035715546
acc_y_q50,0.0028246427
acc_z_q50,0.0050171474
acc_x_q75,0.010966609
acc_y_q75,0.0015976619
acc_z_q75,0.0072523407
mag_mean,0.0020153937
mag_var,0.002206743
mag_skew,0.0033231778
mag_kurtosis,0.00078536756
mag_rms,0.0011074101
acc_x_norm,0.0026928184
acc_y_norm,0.004226245
acc_z_norm,0.007779218
acc_x_ac,0.014854276
acc_y_ac,0.007030118
acc_z_ac,0.015699364
acc_x_trend,0.00068234926
acc_y_trend,0.0005974058
acc_z_trend,0.000903215
mag_trend,0.0013463764
cov_xy,0.0009713689
cov_yz,0.013613334
cov_zx,0.020308511
corr_xy,0.001595766
corr_yz,0.0040364843
corr_zx,0.0030529136
diff_xy_mean,0.0033978194
diff_yz_mean,0.0029752816
diff_zx_mean,0.0063122036
diff_xy_std,0.001378015
diff_yz_std,0.0043115886
diff_zx_std,0.003096982
acc_x_st_mean,0.0039668363
acc_y_st_mean,0.0043247696
acc_z_st_mean,0.00792761
acc_x_st_var,0.0068464256
acc_y_st_var,0.0019513449
acc_z_st_var,0.0025214036
pitch_mean,0.0012595108
pitch_var,0.041120376
roll_mean,0.002132659
roll_var,0.052534133
acc_x_dy_mean,0.0018354837
acc_y_dy_mean,0.0007110886
acc_z_dy_mean,0.0013259234
acc_x_dy_var,0.0021395723
acc_y_dy_var,0.0037354026
acc_z_dy_var,0.0039398046
acc_x_dy_max,0.0027476905
acc_y_dy_max,0.0022434918
acc_z_dy_max,0.002823984
acc_x_PDBA_mean,0.0050095087
acc_y_PDBA_mean,0.0015058318
acc_z_PDBA_mean,0.0011400267
ODBA_mean,0.0045717913
ODBA_var,0.02023476
ODBA_max,0.0010671776
VeDBA_mean,0.14287935
VeDBA_var,0.056632746
VeDBA_max,0.0011003881
VeDBA_s_mean,0.008281961
x_ratio_VeDBA_to_PDBA_mean,0.0009980112
y_ratio_VeDBA_to_PDBA_mean,0.0015473834
z_ratio_VeDBA_to_PDBA_mean,0.00303666
acc_x_dcp_mean,0.13131481
acc_y_dcp_mean,0.028805574
acc_z_dcp_mean,0.048904315
acc_x_dcp_std,0.0019582452
acc_y_dcp_std,0.0017153268
acc_z_dcp_std,0.002624496
acc_x_main_freq_1,0.004451873
acc_x_main_amp_1,0.0013384084
acc_x_main_psd_1,0.0027974467
acc_x_main_freq_2,0.0031462517
acc_x_main_amp_2,0.0015023629
acc_x_main_psd_2,0.0027027198
acc_y_main_freq_1,0.0026934717
acc_y_main_amp_1,0.00072124903
acc_y_main_psd_1,0.0090118805
acc_y_main_freq_2,0.0036380657
acc_y_main_amp_2,0.0013260053
acc_y_main_psd_2,0.0022236041
acc_z_main_freq_1,0.008970131
acc_z_main_amp_1,0.0013731442
acc_z_main_psd_1,0.001667061
acc_z_main_freq_2,0.002442172
acc_z_main_amp_2,0.000702988
acc_z_main_psd_2,0.0025000868
acc_x_mean,0.0022876805
acc_y_mean,0.0016337588
acc_z_mean,0.025362728
acc_x_var,0.0015128204
acc_y_var,0.0010858335
acc_z_var,0.0054571847
acc_x_std,0.0014722205
acc_y_std,0.0021817419
acc_z_std,0.003032423
acc_x_cv,0.002035881
acc_y_cv,0.003193348
acc_z_cv,0.026959905
acc_x_skew,0.0010980107
acc_y_skew,0.00076314755
acc_z_skew,0.001909341
acc_x_kurtosis,0.0029365204
acc_y_kurtosis,0.0010819949
acc_z_kurtosis,0.0017045964
acc_x_max,0.002279475
acc_y_max,0.0037455808
acc_z_max,0.035268735
acc_x_min,0.0060865525
acc_y_min,0.0023581227
acc_z_min,0.026342647
acc_x_range,0.0014742911
acc_y_range,0.0019568552
acc_z_range,0.003958447
acc_x_q25,0.0037689346
acc_y_q25,0.0060953437
acc_z_q25,0.01705412
acc_x_q50,0.0038327859
acc_y_q50,0.0027984732
acc_z_q50,0.0024645373
acc_x_q75,0.005102313
acc_y_q75,0.0018824304
acc_z_q75,0.0040320465
mag_mean,0.004455204
mag_var,0.0013219259
mag_skew,0.0017097755
mag_kurtosis,0.0010527916
mag_rms,0.0019156409
acc_x_norm,0.006842438
acc_y_norm,0.0031664413
acc_z_norm,0.009497408
acc_x_ac,0.016148973
acc_y_ac,0.0061118216
acc_z_ac,0.012369652
acc_x_trend,0.0007660129
acc_y_trend,0.0006128843
acc_z_trend,0.0007267142
mag_trend,0.0008397069
cov_xy,0.0010473073
cov_yz,0.016414441
cov_zx,0.0154483365
corr_xy,0.0018461645
corr_yz,0.003224357
corr_zx,0.0034760477
diff_xy_mean,0.0025117106
diff_yz_mean,0.0026749289
diff_zx_mean,0.0053775306
diff_xy_std,0.0018575701
diff_yz_std,0.0019999817
diff_zx_std,0.004326635
acc_x_st_mean,0.0015394441
acc_y_st_mean,0.0029339194
acc_z_st_mean,0.008251277
acc_x_st_var,0.0048382627
acc_y_st_var,0.0021182976
acc_z_st_var,0.003255333
pitch_mean,0.0017542008
pitch_var,0.047541596
roll_mean,0.0039776056
roll_var,0.05583699
acc_x_dy_mean,0.002225138
acc_y_dy_mean,0.0008360522
acc_z_dy_mean,0.002082993
acc_x_dy_var,0.0025253494
acc_y_dy_var,0.003209858
acc_z_dy_var,0.0031117273
acc_x_dy_max,0.0027097452
acc_y_dy_max,0.0025334687
acc_z_dy_max,0.003295435
acc_x_PDBA_mean,0.0021782387
acc_y_PDBA_mean,0.0023117254
acc_z_PDBA_mean,0.004281185
ODBA_mean,0.004164731
ODBA_var,0.01910028
ODBA_max,0.0005906095
VeDBA_mean,0.10894541
VeDBA_var,0.10465977
VeDBA_max,0.0011706876
VeDBA_s_mean,0.012363487
x_ratio_VeDBA_to_PDBA_mean,0.0012520863
y_ratio_VeDBA_to_PDBA_mean,0.0012298143
z_ratio_VeDBA_to_PDBA_mean,0.0027761145
acc_x_dcp_mean,0.077714264
acc_y_dcp_mean,0.07071635
acc_z_dcp_mean,0.029378323
acc_x_dcp_std,0.0035582262
acc_y_dcp_std,0.0023769755
acc_z_dcp_std,0.0019101938
acc_x_main_freq_1,0.00575023
acc_x_main_amp_1,0.0017780514
acc_x_main_psd_1,0.0039419634
acc_x_main_freq_2,0.0030707605
acc_x_main_amp_2,0.0016443491
acc_x_main_psd_2,0.0018669941
acc_y_main_freq_1,0.0038923477
acc_y_main_amp_1,0.0013029544
acc_y_main_psd_1,0.0027391182
acc_y_main_freq_2,0.0018320482
acc_y_main_amp_2,0.0014568864
acc_y_main_psd_2,0.0011914598
acc_z_main_freq_1,0.0073050284
acc_z_main_amp_1,0.0020187555
acc_z_main_psd_1,0.0059773317
acc_z_main_freq_2,0.002202301
acc_z_main_amp_2,0.0010898499
acc_z_main_psd_2,0.0017311155
acc_x_mean,0.0021946603
acc_y_mean,0.0012401786
acc_z_mean,0.02883066
acc_x_var,0.001278639
acc_y_var,0.0012473891
acc_z_var,0.0028793106
acc_x_std,0.000989282
acc_y_std,0.0041519515
acc_z_std,0.002845327
acc_x_cv,0.0019261659
acc_y_cv,0.002290249
acc_z_cv,0.0027684707
acc_x_skew,0.0011070969
acc_y_skew,0.00061965815
acc_z_skew,0.0009386167
acc_x_kurtosis,0.0027314145
acc_y_kurtosis,0.0016869794
acc_z_kurtosis,0.005096363
acc_x_max,0.0026231925
acc_y_max,0.0038197218
acc_z_max,0.04291827
acc_x_min,0.0018989402
acc_y_min,0.001638137
acc_z_min,0.059303194
acc_x_range,0.00082723243
acc_y_range,0.0018910225
acc_z_range,0.0036407532
acc_x_q25,0.0024946106
acc_y_q25,0.0035252727
acc_z_q25,0.0014547807
acc_x_q50,0.003410546
acc_y_q50,0.0012064514
acc_z_q50,0.0021426517
acc_x_q75,0.0060122157
acc_y_q75,0.0020201951
acc_z_q75,0.0061355922
mag_mean,0.0018678971
mag_var,0.0010833665
mag_skew,0.0022547503
mag_kurtosis,0.00089203304
mag_rms,0.0029552518
acc_x_norm,0.006404093
acc_y_norm,0.005838469
acc_z_norm,0.0038437357
acc_x_ac,0.015550102
acc_y_ac,0.0049356697
acc_z_ac,0.013349677
acc_x_trend,0.0007671808
acc_y_trend,0.0006151424
acc_z_trend,0.0010485166
mag_trend,0.00046305024
cov_xy,0.0008411337
cov_yz,0.012429487
cov_zx,0.010793574
corr_xy,0.0016707709
corr_yz,0.002943113
corr_zx,0.0032771938
diff_xy_mean,0.006258011
diff_yz_mean,0.0014885112
diff_zx_mean,0.0036275121
diff_xy_std,0.004867715
diff_yz_std,0.0024605414
diff_zx_std,0.0026921036
acc_x_st_mean,0.00389063
acc_y_st_mean,0.003089846
acc_z_st_mean,0.0115030715
acc_x_st_var,0.003959394
acc_y_st_var,0.0019391032
acc_z_st_var,0.0022567573
pitch_mean,0.0016314829
pitch_var,0.050646722
roll_mean,0.0041005863
roll_var,0.046618335
acc_x_dy_mean,0.0018390183
acc_y_dy_mean,0.0009550015
acc_z_dy_mean,0.0017313812
acc_x_dy_var,0.004863445
acc_y_dy_var,0.0028349948
acc_z_dy_var,0.0025262816
acc_x_dy_max,0.0012707732
acc_y_dy_max,0.0024177458
acc_z_dy_max,0.0038654215
acc_x_PDBA_mean,0.006174737
acc_y_PDBA_mean,0.0020136917
acc_z_PDBA_mean,0.002245504
ODBA_mean,0.0019987067
ODBA_var,0.002030606
ODBA_max,0.0010160428
VeDBA_mean,0.07531034
VeDBA_var,0.21576539
VeDBA_max,0.0012409627
VeDBA_s_mean,0.0005879846
x_ratio_VeDBA_to_PDBA_mean,0.0009742332
y_ratio_VeDBA_to_PDBA_mean,0.0013876103
z_ratio_VeDBA_to_PDBA_mean,0.0023224729
acc_x_dcp_mean,0.1135874
acc_y_dcp_mean,0.01821746
acc_z_dcp_mean,0.002800157
acc_x_dcp_std,0.0033322754
acc_y_dcp_std,0.0017283007
acc_z_dcp_std,0.0030283937
acc_x_main_freq_1,0.003589799
acc_x_main_amp_1,0.0010567775
acc_x_main_psd_1,0.002898822
acc_x_main_freq_2,0.004934094
acc_x_main_amp_2,0.000927146
acc_x_main_psd_2,0.0016613977
acc_y_main_freq_1,0.0045371703
acc_y_main_amp_1,0.0054845116
acc_y_main_psd_1,0.015774734
acc_y_main_freq_2,0.0015371876
acc_y_main_amp_2,0.0021121486
acc_y_main_psd_2,0.0016959024
acc_z_main_freq_1,0.00909607
acc_z_main_amp_1,0.0010579998
acc_z_main_psd_1,0.0027765103
acc_z_main_freq_2,0.0023292068
acc_z_main_amp_2,0.0014094238
acc_z_main_psd_2,0.0024149418
acc_x_mean,0.0032079574
acc_y_mean,0.0025828916
acc_z_mean,0.018643033
acc_x_var,0.0022258114
acc_y_var,0.0016951896
acc_z_var,0.0041475366
acc_x_std,0.0030057677
acc_y_std,0.0046262206
acc_z_std,0.0050554313
acc_x_cv,0.0022667628
acc_y_cv,0.002957697
acc_z_cv,0.01653334
acc_x_skew,0.00087994325
acc_y_skew,0.0008084135
acc_z_skew,0.0015471694
acc_x_kurtosis,0.0025031567
acc_y_kurtosis,0.0017032871
acc_z_kurtosis,0.001622915
acc_x_max,0.0032643755
acc_y_max,0.0015640103
acc_z_max,0.04167825
acc_x_min,0.001819402
acc_y_min,0.0018183195
acc_z_min,0.04297592
acc_x_range,0.001585267
acc_y_range,0.0017819426
acc_z_range,0.0037165014
acc_x_q25,0.0033396697
acc_y_q25,0.0042539085
acc_z_q25,0.0122737875
acc_x_q50,0.0018122076
acc_y_q50,0.0018193317
acc_z_q50,0.002303926
acc_x_q75,0.0059095183
acc_y_q75,0.002478739
acc_z_q75,0.011205164
mag_mean,0.0024418659
mag_var,0.0010929066
mag_skew,0.0015329435
mag_kurtosis,0.00081223086
mag_rms,0.002053708
acc_x_norm,0.003938457
acc_y_norm,0.0049474686
acc_z_norm,0.0068795695
acc_x_ac,0.015931828
acc_y_ac,0.005901531
acc_z_ac,0.016414117
acc_x_trend,0.0009252827
acc_y_trend,0.00075661193
acc_z_trend,0.00091624184
mag_trend,0.0009803805
cov_xy,0.0016115987
cov_yz,0.019156737
cov_zx,0.01566284
corr_xy,0.0017693951
corr_yz,0.0032660193
corr_zx,0.0019104546
diff_xy_mean,0.0028098554
diff_yz_mean,0.0018608477
diff_zx_mean,0.0035098644
diff_xy_std,0.0008343693
diff_yz_std,0.0018534969
diff_zx_std,0.0035904741
acc_x_st_mean,0.0023366702
acc_y_st_mean,0.0034255816
acc_z_st_mean,0.007703598
acc_x_st_var,0.002996717
acc_y_st_var,0.0013446957
acc_z_st_var,0.0029858681
pitch_mean,0.0014162698
pitch_var,0.041112203
roll_mean,0.0042836363
roll_var,0.047443207
acc_x_dy_mean,0.0022010594
acc_y_dy_mean,0.000805631
acc_z_dy_mean,0.0017099103
acc_x_dy_var,0.0028902416
acc_y_dy_var,0.0037019795
acc_z_dy_var,0.0020861065
acc_x_dy_max,0.0015865305
acc_y_dy_max,0.004278946
acc_z_dy_max,0.0033385633
acc_x_PDBA_mean,0.0022850097
acc_y_PDBA_mean,0.00083272136
acc_z_PDBA_mean,0.0023763082
ODBA_mean,0.00082461245
ODBA_var,0.009653701
ODBA_max,0.0017787267
VeDBA_mean,0.10881023
VeDBA_var,0.09284949
VeDBA_max,0.0008251154
VeDBA_s_mean,0.0150775
x_ratio_VeDBA_to_PDBA_mean,0.0010961279
y_ratio_VeDBA_to_PDBA_mean,0.0016115017
z_ratio_VeDBA_to_PDBA_mean,0.0022172357
acc_x_dcp_mean,0.12826076
acc_y_dcp_mean,0.022681113
acc_z_dcp_mean,0.05205317
acc_x_dcp_std,0.004744396
acc_y_dcp_std,0.0017757767
acc_z_dcp_std,0.0039546653
acc_x_main_freq_1,0.0029675392
acc_x_main_amp_1,0.0011709306
acc_x_main_psd_1,0.002664099
acc_x_main_freq_2,0.0030802214
acc_x_main_amp_2,0.002993472
acc_x_main_psd_2,0.0023630755
acc_y_main_freq_1,0.0014474861
acc_y_main_amp_1,0.0027229094
acc_y_main_psd_1,0.011081359
acc_y_main_freq_2,0.0027447704
acc_y_main_amp_2,0.00092970807
acc_y_main_psd_2,0.004436445
acc_z_main_freq_1,0.007287034
acc_z_main_amp_1,0.002550943
acc_z_main_psd_1,0.00873461
acc_z_main_freq_2,0.0034799469
acc_z_main_amp_2,0.001585701
acc_z_main_psd_2,0.0014303596
acc_x_mean,0.0047308495
acc_y_mean,0.0038320015
acc_z_mean,0.016939579
acc_x_var,0.003971065
acc_y_var,0.00077131175
acc_z_var,0.0030045419
acc_x_std,0.0049982932
acc_y_std,0.000569966
acc_z_std,0.007886566
acc_x_cv,0.0030377938
acc_y_cv,0.0024825383
acc_z_cv,0.05503924
acc_x_skew,0.0008196617
acc_y_skew,0.0010233958
acc_z_skew,0.0013419609
acc_x_kurtosis,0.0034199764
acc_y_kurtosis,0.0010705845
acc_z_kurtosis,0.0030561322
acc_x_max,0.0024145492
acc_y_max,0.0068926974
acc_z_max,0.045639478
acc_x_min,0.0014174184
acc_y_min,0.0020107569
acc_z_min,0.0139878625
acc_x_range,0.0036324142
acc_y_range,0.0012443302
acc_z_range,0.0042117857
acc_x_q25,0.0041853907
acc_y_q25,0.007653266
acc_z_q25,0.011398756
acc_x_q50,0.0047564027
acc_y_q50,0.0017427073
acc_z_q50,0.0025834916
acc_x_q75,0.008623012
acc_y_q75,0.002101754
acc_z_q75,0.0025353725
mag_mean,0.003194406
mag_var,0.001406259
mag_skew,0.0023778046
mag_kurtosis,0.0007860214
mag_rms,0.0018642946
acc_x_norm,0.010214727
acc_y_norm,0.004243391
acc_z_norm,0.0017975766
acc_x_ac,0.015908968
acc_y_ac,0.0063726786
acc_z_ac,0.011633953
acc_x_trend,0.0007613905
acc_y_trend,0.0010739162
acc_z_trend,0.00068086974
mag_trend,0.0013946254
cov_xy,0.0015300028
cov_yz,0.007693046
cov_zx,0.02169326
corr_xy,0.002026522
corr_yz,0.0047890735
corr_zx,0.0035796072
diff_xy_mean,0.0032076
diff_yz_mean,0.0060645253
diff_zx_mean,0.009873478
diff_xy_std,0.0026316664
diff_yz_std,0.0027790116
diff_zx_std,0.0022258423
acc_x_st_mean,0.0023277174
acc_y_st_mean,0.004395115
acc_z_st_mean,0.01450479
acc_x_st_var,0.0073438575
acc_y_st_var,0.0025289922
acc_z_st_var,0.0036842825
pitch_mean,0.0010647244
pitch_var,0.04417695
roll_mean,0.004346553
roll_var,0.046909966
acc_x_dy_mean,0.0021031012
acc_y_dy_mean,0.001200279
acc_z_dy_mean,0.0018170058
acc_x_dy_var,0.002528554
acc_y_dy_var,0.0038304727
acc_z_dy_var,0.003194202
acc_x_dy_max,0.00095280824
acc_y_dy_max,0.0020759918
acc_z_dy_max,0.002704705
acc_x_PDBA_mean,0.0027926096
acc_y_PDBA_mean,0.0019688793
acc_z_PDBA_mean,0.0026862544
ODBA_mean,0.0016642016
ODBA_var,0.022023847
ODBA_max,0.0006859304
VeDBA_mean,0.048252176
VeDBA_var,0.09042874
VeDBA_max,0.0010822809
VeDBA_s_mean,0.0038040183
x_ratio_VeDBA_to_PDBA_mean,0.000878928
y_ratio_VeDBA_to_PDBA_mean,0.001549326
z_ratio_VeDBA_to_PDBA_mean,0.0023795906
acc_x_dcp_mean,0.13452598
acc_y_dcp_mean,0.027139785
acc_z_dcp_mean,0.047711346
acc_x_dcp_std,0.008343361
acc_y_dcp_std,0.0023587975
acc_z_dcp_std,0.0026268982
acc_x_main_freq_1,0.0035975995
acc_x_main_amp_1,0.0018360974
acc_x_main_psd_1,0.0025976263
acc_x_main_freq_2,0.0041313395
acc_x_main_amp_2,0.003808733
acc_x_main_psd_2,0.002973684
acc_y_main_freq_1,0.0042187576
acc_y_main_amp_1,0.0011404591
acc_y_main_psd_1,0.016635131
acc_y_main_freq_2,0.0031115585
acc_y_main_amp_2,0.0008629658
acc_y_main_psd_2,0.0009395448
acc_z_main_freq_1,0.011299666
acc_z_main_amp_1,0.0028423376
acc_z_main_psd_1,0.0017643804
acc_z_main_freq_2,0.0038247937
acc_z_main_amp_2,0.0015474993
acc_z_main_psd_2,0.0014433487
acc_x_mean,0.0015302788
acc_y_mean,0.0013902183
acc_z_mean,0.013728741
acc_x_var,0.0019163807
acc_y_var,0.0009923271
acc_z_var,0.0025283005
acc_x_std,0.0012252107
acc_y_std,0.008852716
acc_z_std,0.0048811785
acc_x_cv,0.0025246604
acc_y_cv,0.009287697
acc_z_cv,0.07060514
acc_x_skew,0.0014617252
acc_y_skew,0.0007542035
acc_z_skew,0.0011257255
acc_x_kurtosis,0.00355827
acc_y_kurtosis,0.0012561727
acc_z_kurtosis,0.003802744
acc_x_max,0.0025618412
acc_y_max,0.002336971
acc_z_max,0.04256577
acc_x_min,0.0020379475
acc_y_min,0.0011386935
acc_z_min,0.0014725322
acc_x_range,0.0027205276
acc_y_range,0.0011114777
acc_z_range,0.0026898852
acc_x_q25,0.0022894845
acc_y_q25,0.0028645732
acc_z_q25,0.015746834
acc_x_q50,0.0023847967
acc_y_q50,0.0032129386
acc_z_q50,0.012953029
acc_x_q75,0.004364683
acc_y_q75,0.004595471
acc_z_q75,0.007641033
mag_mean,0.0037838817
mag_var,0.0016616561
mag_skew,0.0018737365
mag_kurtosis,0.00094669504
mag_rms,0.0014694947
acc_x_norm,0.004304632
acc_y_norm,0.0037659842
acc_z_norm,0.006685514
acc_x_ac,0.015002218
acc_y_ac,0.004468394
acc_z_ac,0.008169109
acc_x_trend,0.00096580427
acc_y_trend,0.00064714084
acc_z_trend,0.00040157745
mag_trend,0.00048370124
cov_xy,0.0032129325
cov_yz,0.025511371
cov_zx,0.016813003
corr_xy,0.0018567358
corr_yz,0.004112395
corr_zx,0.0026089838
diff_xy_mean,0.0021651045
diff_yz_mean,0.0028079855
diff_zx_mean,0.0049352497
diff_xy_std,0.0032276807
diff_yz_std,0.006298912
diff_zx_std,0.016165268
acc_x_st_mean,0.0019079228
acc_y_st_mean,0.005525119
acc_z_st_mean,0.0068024513
acc_x_st_var,0.0082585495
acc_y_st_var,0.00196692
acc_z_st_var,0.004407999
pitch_mean,0.0011396299
pitch_var,0.041183587
roll_mean,0.013337838
roll_var,0.051018097
acc_x_dy_mean,0.0014994454
acc_y_dy_mean,0.00073260855
acc_z_dy_mean,0.001832768
acc_x_dy_var,0.011526698
acc_y_dy_var,0.0012340592
acc_z_dy_var,0.0051779817
acc_x_dy_max,0.0023341298
acc_y_dy_max,0.0019557362
acc_z_dy_max,0.0038930245
acc_x_PDBA_mean,0.00298894
acc_y_PDBA_mean,0.0026859415
acc_z_PDBA_mean,0.0018989791
ODBA_mean,0.0057313656
ODBA_var,0.03439455
ODBA_max,0.0015554564
VeDBA_mean,0.005221835
VeDBA_var,0.026371514
VeDBA_max,0.0012152453
VeDBA_s_mean,0.0013772686
x_ratio_VeDBA_to_PDBA_mean,0.00099758
y_ratio_VeDBA_to_PDBA_mean,0.0013320156
z_ratio_VeDBA_to_PDBA_mean,0.0020704893
acc_x_dcp_mean,0.1559011
acc_y_dcp_mean,0.05725204
acc_z_dcp_mean,0.07474096
acc_x_dcp_std,0.0021170932
acc_y_dcp_std,0.0013050633
acc_z_dcp_std,0.0020752705
acc_x_main_freq_1,0.012185461
acc_x_main_amp_1,0.001251926
acc_x_main_psd_1,0.004450867
acc_x_main_freq_2,0.0033456893
acc_x_main_amp_2,0.0006366244
acc_x_main_psd_2,0.0034559765
acc_y_main_freq_1,0.0031831525
acc_y_main_amp_1,0.0018740859
acc_y_main_psd_1,0.0031108574
acc_y_main_freq_2,0.0026988895
acc_y_main_amp_2,0.0012431785
acc_y_main_psd_2,0.0015807347
acc_z_main_freq_1,0.009292714
acc_z_main_amp_1,0.0061692363
acc_z_main_psd_1,0.0023984527
acc_z_main_freq_2,0.0034555069
acc_z_main_amp_2,0.0011320546
acc_z_main_psd_2,0.0011118961
acc_x_mean,0.0045239073
acc_y_mean,0.0011327482
acc_z_mean,0.0155215245
acc_x_var,0.0021584302
acc_y_var,0.0009765686
acc_z_var,0.0061597163
acc_x_std,0.002604674
acc_y_std,0.0020845684
acc_z_std,0.003878457
acc_x_cv,0.0021188452
acc_y_cv,0.0033294994
acc_z_cv,0.002581863
acc_x_skew,0.00065998087
acc_y_skew,0.0006922601
acc_z_skew,0.001292263
acc_x_kurtosis,0.0012949294
acc_y_kurtosis,0.0015202484
acc_z_kurtosis,0.0038273684
acc_x_max,0.0016302429
acc_y_max,0.0024166878
acc_z_max,0.046745934
acc_x_min,0.0022889613
acc_y_min,0.0021589538
acc_z_min,0.03897154
acc_x_range,0.0012022112
acc_y_range,0.0028053506
acc_z_range,0.0056835236
acc_x_q25,0.0037891136
acc_y_q25,0.005373899
acc_z_q25,0.014193384
acc_x_q50,0.0030611549
acc_y_q50,0.0011259449
acc_z_q50,0.002526707
acc_x_q75,0.0075371214
acc_y_q75,0.0018186071
acc_z_q75,0.003131702
mag_mean,0.003227433
mag_var,0.0016632404
mag_skew,0.0015201386
mag_kurtosis,0.00068966456
mag_rms,0.0019242343
acc_x_norm,0.006960778
acc_y_norm,0.0039781188
acc_z_norm,0.020260891
acc_x_ac,0.014952139
acc_y_ac,0.0063342103
acc_z_ac,0.014182422
acc_x_trend,0.0008300501
acc_y_trend,0.0005491568
acc_z_trend,0.0005461975
mag_trend,0.0010908409
cov_xy,0.0011440505
cov_yz,0.01687074
cov_zx,0.017647782
corr_xy,0.001487926
corr_yz,0.004402542
corr_zx,0.002316504
diff_xy_mean,0.0029678636
diff_yz_mean,0.001580333
diff_zx_mean,0.005327856
diff_xy_std,0.0044808043
diff_yz_std,0.0013556558
diff_zx_std,0.0031340232
acc_x_st_mean,0.0009744421
acc_y_st_mean,0.003074015
acc_z_st_mean,0.009771357
acc_x_st_var,0.006118751
acc_y_st_var,0.0012585586
acc_z_st_var,0.003016424
pitch_mean,0.0020803367
pitch_var,0.04580552
roll_mean,0.0043419125
roll_var,0.0520141
acc_x_dy_mean,0.0018923616
acc_y_dy_mean,0.0008712091
acc_z_dy_mean,0.0015805631
acc_x_dy_var,0.0021740664
acc_y_dy_var,0.005038944
acc_z_dy_var,0.0037562104
acc_x_dy_max,0.0014219097
acc_y_dy_max,0.0030021279
acc_z_dy_max,0.0028849076
acc_x_PDBA_mean,0.0040825484
acc_y_PDBA_mean,0.0034557274
acc_z_PDBA_mean,0.0020060206
ODBA_mean,0.0050671124
ODBA_var,0.009259689
ODBA_max,0.0008468264
VeDBA_mean,0.0977152
VeDBA_var,0.08446561
VeDBA_max,0.0014343944
VeDBA_s_mean,0.0013572404
x_ratio_VeDBA_to_PDBA_mean,0.0013035943
y_ratio_VeDBA_to_PDBA_mean,0.0013532223
z_ratio_VeDBA_to_PDBA_mean,0.0029210327
acc_x_dcp_mean,0.14371423
acc_y_dcp_mean,0.026932614
acc_z_dcp_mean,0.044050924
acc_x_dcp_std,0.010588719
acc_y_dcp_std,0.0033080496
acc_z_dcp_std,0.003212496
acc_x_main_freq_1,0.0060734306
acc_x_main_amp_1,0.0011025043
acc_x_main_psd_1,0.0035738242
acc_x_main_freq_2,0.004248448
acc_x_main_amp_2,0.001659914
acc_x_main_psd_2,0.0023691515
acc_y_main_freq_1,0.0032240616
acc_y_main_amp_1,0.011846189
acc_y_main_psd_1,0.00071262516
acc_y_main_freq_2,0.0026065784
acc_y_main_amp_2,0.0008750344
acc_y_main_psd_2,0.0034057049
acc_z_main_freq_1,0.0062352563
acc_z_main_amp_1,0.00222725
acc_z_main_psd_1,0.0015210605
acc_z_main_freq_2,0.0041992827
acc_z_main_amp_2,0.0006343573
acc_z_main_psd_2,0.0010877468
acc_x_mean,0.0037574896
acc_y_mean,0.0015591467
acc_z_mean,0.017868433
acc_x_var,0.0027123303
acc_y_var,0.0018799796
acc_z_var,0.0023632639
acc_x_std,0.0016852845
acc_y_std,0.0010030377
acc_z_std,0.004692946
acc_x_cv,0.0020442505
acc_y_cv,0.00255402
acc_z_cv,0.001896306
acc_x_skew,0.00062888063
acc_y_skew,0.00095122104
acc_z_skew,0.001917553
acc_x_kurtosis,0.0029183684
acc_y_kurtosis,0.0014327603
acc_z_kurtosis,0.0022050862
acc_x_max,0.0019904259
acc_y_max,0.0022023236
acc_z_max,0.037831523
acc_x_min,0.0015414762
acc_y_min,0.0014255374
acc_z_min,0.032359034
acc_x_range,0.0010015916
acc_y_range,0.0030947193
acc_z_range,0.003179371
acc_x_q25,0.0023142383
acc_y_q25,0.0052064504
acc_z_q25,0.017129205
acc_x_q50,0.0029988796
acc_y_q50,0.0015662033
acc_z_q50,0.003162551
acc_x_q75,0.0076158186
acc_y_q75,0.0022534493
acc_z_q75,0.0040440885
mag_mean,0.0024539342
mag_var,0.0015822955
mag_skew,0.0020839514
mag_kurtosis,0.0006224173
mag_rms,0.0015662801
acc_x_norm,0.0058820797
acc_y_norm,0.0027954897
acc_z_norm,0.024960421
acc_x_ac,0.010536925
acc_y_ac,0.00691392
acc_z_ac,0.010765674
acc_x_trend,0.00071465725
acc_y_trend,0.000848172
acc_z_trend,0.00056833104
mag_trend,0.0014977453
cov_xy,0.001129728
cov_yz,0.021553017
cov_zx,0.014694619
corr_xy,0.0011443221
corr_yz,0.0039562685
corr_zx,0.002371364
diff_xy_mean,0.0027587635
diff_yz_mean,0.0017951096
diff_zx_mean,0.0050238324
diff_xy_std,0.0032926244
diff_yz_std,0.0022168753
diff_zx_std,0.0028142962
acc_x_st_mean,0.0027478144
acc_y_st_mean,0.0032681415
acc_z_st_mean,0.00801815
acc_x_st_var,0.0062045897
acc_y_st_var,0.0019150194
acc_z_st_var,0.002706518
pitch_mean,0.0013387097
pitch_var,0.0449806
roll_mean,0.0038323326
roll_var,0.044630323
acc_x_dy_mean,0.0015825026
acc_y_dy_mean,0.00066468894
acc_z_dy_mean,0.0017303599
acc_x_dy_var,0.0040144245
acc_y_dy_var,0.0075609004
acc_z_dy_var,0.0026875576
acc_x_dy_max,0.0009351831
acc_y_dy_max,0.00250162
acc_z_dy_max,0.0027254738
acc_x_PDBA_mean,0.00250779
acc_y_PDBA_mean,0.0021273165
acc_z_PDBA_mean,0.0018272602
ODBA_mean,0.004298627
ODBA_var,0.036184773
ODBA_max,0.0008445439
VeDBA_mean,0.14384665
VeDBA_var,0.039839536
VeDBA_max,0.0015342379
VeDBA_s_mean,0.024513084
x_ratio_VeDBA_to_PDBA_mean,0.0011395954
y_ratio_VeDBA_to_PDBA_mean,0.0013232705
z_ratio_VeDBA_to_PDBA_mean,0.00229168
acc_x_dcp_mean,0.13038488
acc_y_dcp_mean,0.023698786
acc_z_dcp_mean,0.03936525
acc_x_dcp_std,0.0018184492
acc_y_dcp_std,0.0037738066
acc_z_dcp_std,0.0032921769
acc_x_main_freq_1,0.0027178482
acc_x_main_amp_1,0.0020599414
acc_x_main_psd_1,0.0026707102
acc_x_main_freq_2,0.0027022846
acc_x_main_amp_2,0.0011337162
acc_x_main_psd_2,0.0025615017
acc_y_main_freq_1,0.0018039896
acc_y_main_amp_1,0.00097533787
acc_y_main_psd_1,0.011612818
acc_y_main_freq_2,0.002793235
acc_y_main_amp_2,0.0020829118
acc_y_main_psd_2,0.0023279777
acc_z_main_freq_1,0.0061513092
acc_z_main_amp_1,0.002929759
acc_z_main_psd_1,0.01903168
acc_z_main_freq_2,0.0032209668
acc_z_main_amp_2,0.0018906469
acc_z_main_psd_2,0.0011464962
acc_x_mean,0.0016480895
acc_y_mean,0.0017374299
acc_z_mean,0.015782805
acc_x_var,0.004322795
acc_y_var,0.0009785854
acc_z_var,0.0041792556
acc_x_std,0.0015454127
acc_y_std,0.0016341907
acc_z_std,0.0045310934
acc_x_cv,0.0017227886
acc_y_cv,0.0026008275
acc_z_cv,0.006713568
acc_x_skew,0.00072724547
acc_y_skew,0.0006903753
acc_z_skew,0.0016123789
acc_x_kurtosis,0.0025286213
acc_y_kurtosis,0.0017850975
acc_z_kurtosis,0.005992355
acc_x_max,0.0021105048
acc_y_max,0.0029162783
acc_z_max,0.04200109
acc_x_min,0.0019651903
acc_y_min,0.0034806288
acc_z_min,0.04565294
acc_x_range,0.0021556516
acc_y_range,0.0017121885
acc_z_range,0.003434973
acc_x_q25,0.011454054
acc_y_q25,0.0036965075
acc_z_q25,0.009584674
acc_x_q50,0.0061531253
acc_y_q50,0.0026328175
acc_z_q50,0.0015666855
acc_x_q75,0.007666307
acc_y_q75,0.0018925602
acc_z_q75,0.0038306324
mag_mean,0.004787255
mag_var,0.00096762343
mag_skew,0.002159518
mag_kurtosis,0.0008255934
mag_rms,0.0016170769
acc_x_norm,0.0064374693
acc_y_norm,0.0032627268
acc_z_norm,0.0022303301
acc_x_ac,0.009071028
acc_y_ac,0.0062492294
acc_z_ac,0.011173439
acc_x_trend,0.0009642691
acc_y_trend,0.0007316644
acc_z_trend,0.0005086444
mag_trend,0.00074049504
cov_xy,0.0015586674
cov_yz,0.031564306
cov_zx,0.0145219015
corr_xy,0.0011925432
corr_yz,0.0035747413
corr_zx,0.0033803647
diff_xy_mean,0.0032207693
diff_yz_mean,0.0017650704
diff_zx_mean,0.0041479296
diff_xy_std,0.0046545085
diff_yz_std,0.0027739652
diff_zx_std,0.0054314295
acc_x_st_mean,0.0016705975
acc_y_st_mean,0.003745802
acc_z_st_mean,0.009680829
acc_x_st_var,0.004154896
acc_y_st_var,0.0011743774
acc_z_st_var,0.0028118587
pitch_mean,0.0016231742
pitch_var,0.050385647
roll_mean,0.0022260412
roll_var,0.046252087
acc_x_dy_mean,0.0017313072
acc_y_dy_mean,0.00086278416
acc_z_dy_mean,0.0015741679
acc_x_dy_var,0.0054664593
acc_y_dy_var,0.0039926223
acc_z_dy_var,0.0020660956
acc_x_dy_max,0.0014835666
acc_y_dy_max,0.0035862068
acc_z_dy_max,0.003493006
acc_x_PDBA_mean,0.0024391806
acc_y_PDBA_mean,0.001978088
acc_z_PDBA_mean,0.0021179048
ODBA_mean,0.001481215
ODBA_var,0.016226409
ODBA_max,0.0010392561
VeDBA_mean,0.05899139
VeDBA_var,0.1256308
VeDBA_max,0.0007790279
VeDBA_s_mean,0.0016345875
x_ratio_VeDBA_to_PDBA_mean,0.0010724879
y_ratio_VeDBA_to_PDBA_mean,0.0016289394
z_ratio_VeDBA_to_PDBA_mean,0.0023347011
acc_x_dcp_mean,0.14302632
acc_y_dcp_mean,0.04126579
acc_z_dcp_mean,0.032089535
acc_x_dcp_std,0.002247534
acc_y_dcp_std,0.0020667005
acc_z_dcp_std,0.005462125
acc_x_main_freq_1,0.01649531
acc_x_main_amp_1,0.0011237172
acc_x_main_psd_1,0.003834672
acc_x_main_freq_2,0.0040837866
acc_x_main_amp_2,0.0008354792
acc_x_main_psd_2,0.0032046165
acc_y_main_freq_1,0.002526104
acc_y_main_amp_1,0.0014021667
acc_y_main_psd_1,0.0031998237
acc_y_main_freq_2,0.0025378137
acc_y_main_amp_2,0.0012625254
acc_y_main_psd_2,0.008101836
acc_z_main_freq_1,0.005529616
acc_z_main_amp_1,0.0017252982
acc_z_main_psd_1,0.0016127188
acc_z_main_freq_2,0.0036039508
acc_z_main_amp_2,0.0015694251
acc_z_main_psd_2,0.0017053233
acc_x_mean,0.004620234
acc_y_mean,0.0013660172
acc_z_mean,0.016813723
acc_x_var,0.0019918706
acc_y_var,0.0010309983
acc_z_var,0.004031128
acc_x_std,0.0018488151
acc_y_std,0.0027936674
acc_z_std,0.005651794
acc_x_cv,0.0019916852
acc_y_cv,0.0031647515
acc_z_cv,0.0015915162
acc_x_skew,0.0008803098
acc_y_skew,0.0007677204
acc_z_skew,0.0014631496
acc_x_kurtosis,0.001628112
acc_y_kurtosis,0.0012454662
acc_z_kurtosis,0.002500511
acc_x_max,0.0015457104
acc_y_max,0.003178084
acc_z_max,0.047142513
acc_x_min,0.0010824982
acc_y_min,0.0024452324
acc_z_min,0.02387365
acc_x_range,0.0054340875
acc_y_range,0.0025004635
acc_z_range,0.004531115
acc_x_q25,0.0031442416
acc_y_q25,0.0048234304
acc_z_q25,0.024901005
acc_x_q50,0.0041950867
acc_y_q50,0.0019069392
acc_z_q50,0.0027283896
acc_x_q75,0.006941468
acc_y_q75,0.0018741362
acc_z_q75,0.004478175
mag_mean,0.0025062172
mag_var,0.0011122306
mag_skew,0.001659274
mag_kurtosis,0.0012323203
mag_rms,0.002286584
acc_x_norm,0.0044815247
acc_y_norm,0.00436792
acc_z_norm,0.014325116
acc_x_ac,0.015011874
acc_y_ac,0.0058670454
acc_z_ac,0.015847962
acc_x_trend,0.0010251765
acc_y_trend,0.00048726634
acc_z_trend,0.000567435
mag_trend,0.0010402723
cov_xy,0.0024373673
cov_yz,0.011525086
cov_zx,0.016474122
corr_xy,0.0017325425
corr_yz,0.004224316
corr_zx,0.0026078306
diff_xy_mean,0.0034805327
diff_yz_mean,0.0020329955
diff_zx_mean,0.0049988977
diff_xy_std,0.0015943956
diff_yz_std,0.004412439
diff_zx_std,0.003848881
acc_x_st_mean,0.0019384599
acc_y_st_mean,0.0038351272
acc_z_st_mean,0.008396921
acc_x_st_var,0.0049529746
acc_y_st_var,0.0017907065
acc_z_st_var,0.002325771
pitch_mean,0.0010964305
pitch_var,0.0459827
roll_mean,0.0035593428
roll_var,0.04804079
acc_x_dy_mean,0.001390462
acc_y_dy_mean,0.000574213
acc_z_dy_mean,0.0015014417
acc_x_dy_var,0.0019914496
acc_y_dy_var,0.0059444527
acc_z_dy_var,0.008423632
acc_x_dy_max,0.0015807474
acc_y_dy_max,0.0011054229
acc_z_dy_max,0.004293775
acc_x_PDBA_mean,0.0030664979
acc_y_PDBA_mean,0.0023771105
acc_z_PDBA_mean,0.003058381
ODBA_mean,0.019179806
ODBA_var,0.023146247
ODBA_max,0.0018643239
VeDBA_mean,0.11855064
VeDBA_var,0.052931596
VeDBA_max,0.0012934152
VeDBA_s_mean,0.00188631
x_ratio_VeDBA_to_PDBA_mean,0.0008668206
y_ratio_VeDBA_to_PDBA_mean,0.0018344879
z_ratio_VeDBA_to_PDBA_mean,0.0014557807
acc_x_dcp_mean,0.15488963
acc_y_dcp_mean,0.029513236
acc_z_dcp_mean,0.041767277
acc_x_dcp_std,0.0014065191
acc_y_dcp_std,0.0023209492
acc_z_dcp_std,0.0012295583
acc_x_main_freq_1,0.0032058218
acc_x_main_amp_1,0.002144718
acc_x_main_psd_1,0.0034900112
acc_x_main_freq_2,0.0026964548
acc_x_main_amp_2,0.00218204
acc_x_main_psd_2,0.0029325637
acc_y_main_freq_1,0.0025333625
acc_y_main_amp_1,0.00087941653
acc_y_main_psd_1,0.010456745
acc_y_main_freq_2,0.002037152
acc_y_main_amp_2,0.0012329539
acc_y_main_psd_2,0.0044707973
acc_z_main_freq_1,0.0064788554
acc_z_main_amp_1,0.002249952
acc_z_main_psd_1,0.0024420451
acc_z_main_freq_2,0.0025878293
acc_z_main_amp_2,0.0013935227
acc_z_main_psd_2,0.0019271028
acc_x_mean,0.0021734675
acc_y_mean,0.0013420628
acc_z_mean,0.029197834
acc_x_var,0.0026903313
acc_y_var,0.00071349123
acc_z_var,0.0034056574
acc_x_std,0.0012367558
acc_y_std,0.0009844677
acc_z_std,0.0038777438
acc_x_cv,0.0023251257
acc_y_cv,0.0026909746
acc_z_cv,0.0021650984
acc_x_skew,0.0010354783
acc_y_skew,0.0008172907
acc_z_skew,0.0014260492
acc_x_kurtosis,0.0018426644
acc_y_kurtosis,0.0014106286
acc_z_kurtosis,0.0043934374
acc_x_max,0.0020033242
acc_y_max,0.0044756117
acc_z_max,0.04388384
acc_x_min,0.0017154776
acc_y_min,0.0028031312
acc_z_min,0.0416211
acc_x_range,0.0065002674
acc_y_range,0.0020991233
acc_z_range,0.0027162125
acc_x_q25,0.0024548227
acc_y_q25,0.0051498436
acc_z_q25,0.017123507
acc_x_q50,0.0028977147
acc_y_q50,0.0015570172
acc_z_q50,0.0037020107
acc_x_q75,0.0057646614
acc_y_q75,0.0020832212
acc_z_q75,0.007641718
mag_mean,0.0034392937
mag_var,0.0015291976
mag_skew,0.0017430891
mag_kurtosis,0.0005902176
mag_rms,0.002651553
acc_x_norm,0.006463266
acc_y_norm,0.0040631853
acc_z_norm,0.005275317
acc_x_ac,0.01604578
acc_y_ac,0.006160604
acc_z_ac,0.01195659
acc_x_trend,0.00090365205
acc_y_trend,0.0007321594
acc_z_trend,0.00053705624
mag_trend,0.0007900174
cov_xy,0.0013412249
cov_yz,0.017290559
cov_zx,0.016408322
corr_xy,0.0018361625
corr_yz,0.0041562477
corr_zx,0.0022896298
diff_xy_mean,0.0033376405
diff_yz_mean,0.002227789
diff_zx_mean,0.005621623
diff_xy_std,0.0041147405
diff_yz_std,0.0026032084
diff_zx_std,0.0028693178
acc_x_st_mean,0.00082910224
acc_y_st_mean,0.0026087298
acc_z_st_mean,0.008506651
acc_x_st_var,0.005489893
acc_y_st_var,0.0015286978
acc_z_st_var,0.002611442
pitch_mean,0.0022831666
pitch_var,0.04593614
roll_mean,0.002849755
roll_var,0.044663794
acc_x_dy_mean,0.0013911213
acc_y_dy_mean,0.0006673223
acc_z_dy_mean,0.0014665505
acc_x_dy_var,0.0042357366
acc_y_dy_var,0.0023103894
acc_z_dy_var,0.0021644246
acc_x_dy_max,0.0021722156
acc_y_dy_max,0.0040016053
acc_z_dy_max,0.0036558588
acc_x_PDBA_mean,0.00307724
acc_y_PDBA_mean,0.0018330952
acc_z_PDBA_mean,0.0018027391
ODBA_mean,0.0034454039
ODBA_var,0.0124476515
ODBA_max,0.0014250742
VeDBA_mean,0.052474115
VeDBA_var,0.14170067
VeDBA_max,0.0011271839
VeDBA_s_mean,0.013888429
x_ratio_VeDBA_to_PDBA_mean,0.0008072351
y_ratio_VeDBA_to_PDBA_mean,0.0011180888
z_ratio_VeDBA_to_PDBA_mean,0.0022623756
acc_x_dcp_mean,0.13250756
acc_y_dcp_mean,0.021653928
acc_z_dcp_mean,0.048647203
acc_x_dcp_std,0.0031638895
acc_y_dcp_std,0.0022742278
acc_z_dcp_std,0.002117675
acc_x_main_freq_1,0.0031108574
acc_x_main_amp_1,0.0011121578
acc_x_main_psd_1,0.0042023826
acc_x_main_freq_2,0.0028476533
acc_x_main_amp_2,0.0015622246
acc_x_main_psd_2,0.0029682457
acc_y_main_freq_1,0.0021081315
acc_y_main_amp_1,0.0011330433
acc_y_main_psd_1,0.014183323
acc_y_main_freq_2,0.0037141074
acc_y_main_amp_2,0.0017441345
acc_y_main_psd_2,0.0017404548
acc_z_main_freq_1,0.008536266
acc_z_main_amp_1,0.0051145474
acc_z_main_psd_1,0.0036739754
acc_z_main_freq_2,0.0041064145
acc_z_main_amp_2,0.0019176917
acc_z_main_psd_2,0.0021795777
acc_x_mean,0.007461113
acc_y_mean,0.0014113421
acc_z_mean,0.006531066
acc_x_var,0.0011892176
acc_y_var,0.0014669098
acc_z_var,0.0022832206
acc_x_std,0.002232486
acc_y_std,0.0010593061
acc_z_std,0.004278793
acc_x_cv,0.0017930957
acc_y_cv,0.0030621623
acc_z_cv,0.009030859
acc_x_skew,0.0009271892
acc_y_skew,0.00056350266
acc_z_skew,0.0016644708
acc_x_kurtosis,0.0016857266
acc_y_kurtosis,0.0013696044
acc_z_kurtosis,0.0018097949
acc_x_max,0.00263061
acc_y_max,0.0019206707
acc_z_max,0.044768285
acc_x_min,0.0015385397
acc_y_min,0.0015983247
acc_z_min,0.03708633
acc_x_range,0.003610996
acc_y_range,0.0046225544
acc_z_range,0.0029304812
acc_x_q25,0.0043592984
acc_y_q25,0.0044341325
acc_z_q25,0.011167447
acc_x_q50,0.0030834135
acc_y_q50,0.0012489706
acc_z_q50,0.0032610784
acc_x_q75,0.0127544375
acc_y_q75,0.001546615
acc_z_q75,0.0027907477
mag_mean,0.0027699836
mag_var,0.0006587193
mag_skew,0.0030421214
mag_kurtosis,0.0005663408
mag_rms,0.0021920523
acc_x_norm,0.0039825346
acc_y_norm,0.0027711715
acc_z_norm,0.0024002616
acc_x_ac,0.014458982
acc_y_ac,0.0072984714
acc_z_ac,0.012910437
acc_x_trend,0.0009743446
acc_y_trend,0.00056826306
acc_z_trend,0.0004946327
mag_trend,0.0011621757
cov_xy,0.0014430592
cov_yz,0.018868819
cov_zx,0.0128832795
corr_xy,0.0012918927
corr_yz,0.003954542
corr_zx,0.0026419156
diff_xy_mean,0.0025471589
diff_yz_mean,0.002029398
diff_zx_mean,0.004377318
diff_xy_std,0.0011218356
diff_yz_std,0.0063139577
diff_zx_std,0.0023452302
acc_x_st_mean,0.0013515753
acc_y_st_mean,0.0038509977
acc_z_st_mean,0.009132231
acc_x_st_var,0.0046390914
acc_y_st_var,0.0013774182
acc_z_st_var,0.0022580675
pitch_mean,0.0020046735
pitch_var,0.044842623
roll_mean,0.0035601733
roll_var,0.044752814
acc_x_dy_mean,0.0019059647
acc_y_dy_mean,0.000757167
acc_z_dy_mean,0.0015820061
acc_x_dy_var,0.003592969
acc_y_dy_var,0.0026495422
acc_z_dy_var,0.0024023252
acc_x_dy_max,0.0009960164
acc_y_dy_max,0.0019419587
acc_z_dy_max,0.0033403572
acc_x_PDBA_mean,0.0028477658
acc_y_PDBA_mean,0.0018964858
acc_z_PDBA_mean,0.0019699773
ODBA_mean,0.0038435597
ODBA_var,0.007359787
ODBA_max,0.00082367804
VeDBA_mean,0.22901116
VeDBA_var,0.041273292
VeDBA_max,0.001088531
VeDBA_s_mean,0.015427876
x_ratio_VeDBA_to_PDBA_mean,0.0010966642
y_ratio_VeDBA_to_PDBA_mean,0.0011190401
z_ratio_VeDBA_to_PDBA_mean,0.0021405856
acc_x_dcp_mean,0.13130935
acc_y_dcp_mean,0.02607952
acc_z_dcp_mean,0.027592937
acc_x_dcp_std,0.0014880693
acc_y_dcp_std,0.0033978906
acc_z_dcp_std,0.0020091706
acc_x_main_freq_1,0.005088882
acc_x_main_amp_1,0.0017628975
acc_x_main_psd_1,0.0027285188
acc_x_main_freq_2,0.003238957
acc_x_main_amp_2,0.001330094
acc_x_main_psd_2,0.0017739343
acc_y_main_freq_1,0.0016800774
acc_y_main_amp_1,0.0012737345
acc_y_main_psd_1,0.0043546506
acc_y_main_freq_2,0.0030122474
acc_y_main_amp_2,0.0012805432
acc_y_main_psd_2,0.0038376115
acc_z_main_freq_1,0.008356214
acc_z_main_amp_1,0.0036369686
acc_z_main_psd_1,0.0027670094
acc_z_main_freq_2,0.002271582
acc_z_main_amp_2,0.00075949007
acc_z_main_psd_2,0.0008915084
acc_x_mean,0.0031715378
acc_y_mean,0.0011810396
acc_z_mean,0.013998781
acc_x_var,0.0037026939
acc_y_var,0.0007620488
acc_z_var,0.0036647914
acc_x_std,0.0009138124
acc_y_std,0.0023565234
acc_z_std,0.009293647
acc_x_cv,0.0025554693
acc_y_cv,0.003034413
acc_z_cv,0.0027475033
acc_x_skew,0.00078895787
acc_y_skew,0.00074823515
acc_z_skew,0.0012764896
acc_x_kurtosis,0.001961938
acc_y_kurtosis,0.0012764784
acc_z_kurtosis,0.004505784
acc_x_max,0.0021167188
acc_y_max,0.0032994228
acc_z_max,0.045940645
acc_x_min,0.0016405386
acc_y_min,0.0021341078
acc_z_min,0.028147737
acc_x_range,0.0010608812
acc_y_range,0.0020370318
acc_z_range,0.002588761
acc_x_q25,0.0032209991
acc_y_q25,0.0061170086
acc_z_q25,0.021377807
acc_x_q50,0.0026082858
acc_y_q50,0.0018642539
acc_z_q50,0.0025320062
acc_x_q75,0.008825948
acc_y_q75,0.0024314274
acc_z_q75,0.0033274556
mag_mean,0.0022420648
mag_var,0.0012046588
mag_skew,0.0019897257
mag_kurtosis,0.00065182196
mag_rms,0.0025133167
acc_x_norm,0.006061189
acc_y_norm,0.004369639
acc_z_norm,0.009620461
acc_x_ac,0.014947201
acc_y_ac,0.0060126134
acc_z_ac,0.011157543
acc_x_trend,0.00069130526
acc_y_trend,0.00066142203
acc_z_trend,0.0009713625
mag_trend,0.00088772696
cov_xy,0.0011397761
cov_yz,0.019478641
cov_zx,0.01659976
corr_xy,0.0014666262
corr_yz,0.004100405
corr_zx,0.002717561
diff_xy_mean,0.002984365
diff_yz_mean,0.0026219392
diff_zx_mean,0.0057935254
diff_xy_std,0.0057924227
diff_yz_std,0.005220825
diff_zx_std,0.0040553664
acc_x_st_mean,0.0009973897
acc_y_st_mean,0.0032309452
acc_z_st_mean,0.008697306
acc_x_st_var,0.0065644076
acc_y_st_var,0.0018673661
acc_z_st_var,0.002684794
pitch_mean,0.0011860734
pitch_var,0.045043208
roll_mean,0.00272845
roll_var,0.04960883
acc_x_dy_mean,0.0017497741
acc_y_dy_mean,0.0010655524
acc_z_dy_mean,0.0012671152
acc_x_dy_var,0.0027225318
acc_y_dy_var,0.0054943995
acc_z_dy_var,0.0031214494
acc_x_dy_max,0.0030696632
acc_y_dy_max,0.0017027996
acc_z_dy_max,0.0025595063
acc_x_PDBA_mean,0.003295108
acc_y_PDBA_mean,0.0023341225
acc_z_PDBA_mean,0.0023163126
ODBA_mean,0.0048058345
ODBA_var,0.019690441
ODBA_max,0.00053503737
VeDBA_mean,0.16634896
VeDBA_var,0.03993069
VeDBA_max,0.000869836
VeDBA_s_mean,0.0020642243
x_ratio_VeDBA_to_PDBA_mean,0.0011029202
y_ratio_VeDBA_to_PDBA_mean,0.0013668326
z_ratio_VeDBA_to_PDBA_mean,0.0027832743
acc_x_dcp_mean,0.13359581
acc_y_dcp_mean,0.030064134
acc_z_dcp_mean,0.043515444
acc_x_dcp_std,0.0016194114
acc_y_dcp_std,0.003453522
acc_z_dcp_std,0.002191077
acc_x_main_freq_1,0.0057696444
acc_x_main_amp_1,0.0018170156
acc_x_main_psd_1,0.0033486225
acc_x_main_freq_2,0.0037532714
acc_x_main_amp_2,0.0012432374
acc_x_main_psd_2,0.0028572998
acc_y_main_freq_1,0.0026731603
acc_y_main_amp_1,0.0008331172
acc_y_main_psd_1,0.013485422
acc_y_main_freq_2,0.0024229109
acc_y_main_amp_2,0.0013868468
acc_y_main_psd_2,0.0013198532
acc_z_main_freq_1,0.0065300018
acc_z_main_amp_1,0.0023186763
acc_z_main_psd_1,0.0020141134
acc_z_main_freq_2,0.0035500915
acc_z_main_amp_2,0.0007008056
acc_z_main_psd_2,0.0015668956
acc_x_mean,0.0063363328
acc_y_mean,0.0025424692
acc_z_mean,0.0010108086
acc_x_var,0.004014809
acc_y_var,0.00140066
acc_z_var,0.0020328902
acc_x_std,0.00094377535
acc_y_std,0.0045926464
acc_z_std,0.0070769717
acc_x_cv,0.0024764705
acc_y_cv,0.0029844104
acc_z_cv,0.0020635459
acc_x_skew,0.00081032404
acc_y_skew,0.0008031767
acc_z_skew,0.0026846144
acc_x_kurtosis,0.0027578988
acc_y_kurtosis,0.0012760672
acc_z_kurtosis,0.001362637
acc_x_max,0.002964159
acc_y_max,0.0038799294
acc_z_max,0.048340652
acc_x_min,0.0022879278
acc_y_min,0.0024389166
acc_z_min,0.016781306
acc_x_range,0.001962866
acc_y_range,0.0026399011
acc_z_range,0.0033924894
acc_x_q25,0.002770317
acc_y_q25,0.0074929465
acc_z_q25,0.03308599
acc_x_q50,0.0037395225
acc_y_q50,0.0019215355
acc_z_q50,0.0027366085
acc_x_q75,0.01213558
acc_y_q75,0.0018101458
acc_z_q75,0.006303234
mag_mean,0.0016076008
mag_var,0.0019541795
mag_skew,0.002887196
mag_kurtosis,0.00077325397
mag_rms,0.0016403149
acc_x_norm,0.0024684928
acc_y_norm,0.0029671865
acc_z_norm,0.0037047323
acc_x_ac,0.013440892
acc_y_ac,0.007072924
acc_z_ac,0.010819579
acc_x_trend,0.0009398926
acc_y_trend,0.0007687652
acc_z_trend,0.000638834
mag_trend,0.0011732322
cov_xy,0.0011606697
cov_yz,0.025976287
cov_zx,0.0146196205
corr_xy,0.0012487832
corr_yz,0.0043703676
corr_zx,0.0030229422
diff_xy_mean,0.003106154
diff_yz_mean,0.0021685804
diff_zx_mean,0.0049985396
diff_xy_std,0.002329226
diff_yz_std,0.00141812
diff_zx_std,0.0032032442
acc_x_st_mean,0.008118807
acc_y_st_mean,0.0049889134
acc_z_st_mean,0.008950484
acc_x_st_var,0.0074301716
acc_y_st_var,0.0020230184
acc_z_st_var,0.0028213742
pitch_mean,0.0011266511
pitch_var,0.04745751
roll_mean,0.003926218
roll_var,0.05059624
acc_x_dy_mean,0.0016214902
acc_y_dy_mean,0.0009670956
acc_z_dy_mean,0.0012472777
acc_x_dy_var,0.0013467697
acc_y_dy_var,0.004605473
acc_z_dy_var,0.004738397
acc_x_dy_max,0.003092562
acc_y_dy_max,0.0014847796
acc_z_dy_max,0.002848916
acc_x_PDBA_mean,0.0053964257
acc_y_PDBA_mean,0.0017084327
acc_z_PDBA_mean,0.0013744417
ODBA_mean,0.0041560433
ODBA_var,0.02112673
ODBA_max,0.0008068606
VeDBA_mean,0.093097374
VeDBA_var,0.105214484
VeDBA_max,0.0010633267
VeDBA_s_mean,0.0014129784
x_ratio_VeDBA_to_PDBA_mean,0.0011608852
y_ratio_VeDBA_to_PDBA_mean,0.0017454583
z_ratio_VeDBA_to_PDBA_mean,0.003137038
acc_x_dcp_mean,0.10563331
acc_y_dcp_mean,0.0261635
acc_z_dcp_mean,0.048657093
acc_x_dcp_std,0.0015788764
acc_y_dcp_std,0.0024584443
acc_z_dcp_std,0.004743005
acc_x_main_freq_1,0.008184275
acc_x_main_amp_1,0.0016724475
acc_x_main_psd_1,0.0044687707
acc_x_main_freq_2,0.0034314
acc_x_main_amp_2,0.0020959566
acc_x_main_psd_2,0.0021542772
acc_y_main_freq_1,0.0028376458
acc_y_main_amp_1,0.015074047
acc_y_main_psd_1,0.0010934806
acc_y_main_freq_2,0.003153136
acc_y_main_amp_2,0.0014992841
acc_y_main_psd_2,0.00762095
acc_z_main_freq_1,0.011349756
acc_z_main_amp_1,0.002517399
acc_z_main_psd_1,0.011193548
acc_z_main_freq_2,0.002555559
acc_z_main_amp_2,0.0026659386
acc_z_main_psd_2,0.0020710656
acc_x_mean,0.0018066369
acc_y_mean,0.0020365543
acc_z_mean,0.0196494
acc_x_var,0.0025420624
acc_y_var,0.0006187551
acc_z_var,0.0028755276
acc_x_std,0.0015056385
acc_y_std,0.0009777632
acc_z_std,0.005094862
acc_x_cv,0.001967205
acc_y_cv,0.0015950057
acc_z_cv,0.003325693
acc_x_skew,0.00084792875
acc_y_skew,0.00064338086
acc_z_skew,0.0016701013
acc_x_kurtosis,0.0014717042
acc_y_kurtosis,0.001276076
acc_z_kurtosis,0.0054279496
acc_x_max,0.002248436
acc_y_max,0.0056582657
acc_z_max,0.047578573
acc_x_min,0.00650391
acc_y_min,0.0019708485
acc_z_min,0.05220961
acc_x_range,0.0014840583
acc_y_range,0.0017114771
acc_z_range,0.004515726
acc_x_q25,0.0022323471
acc_y_q25,0.0034279097
acc_z_q25,0.008348632
acc_x_q50,0.0037517913
acc_y_q50,0.00094724284
acc_z_q50,0.0027130414
acc_x_q75,0.008303851
acc_y_q75,0.0022299157
acc_z_q75,0.00695947
mag_mean,0.0020315726
mag_var,0.0012001201
mag_skew,0.001835103
mag_kurtosis,0.00050357106
mag_rms,0.0018962392
acc_x_norm,0.008325796
acc_y_norm,0.004196206
acc_z_norm,0.0060630566
acc_x_ac,0.0143478215
acc_y_ac,0.0056670313
acc_z_ac,0.010988994
acc_x_trend,0.00084347685
acc_y_trend,0.00060571346
acc_z_trend,0.00068372546
mag_trend,0.00063910056
cov_xy,0.0016233138
cov_yz,0.019941352
cov_zx,0.015408524
corr_xy,0.0012508514
corr_yz,0.0035276422
corr_zx,0.0025821775
diff_xy_mean,0.002630601
diff_yz_mean,0.0014275755
diff_zx_mean,0.010657282
diff_xy_std,0.003682155
diff_yz_std,0.0025842115
diff_zx_std,0.0031871346
acc_x_st_mean,0.0043595363
acc_y_st_mean,0.0036437155
acc_z_st_mean,0.008399374
acc_x_st_var,0.0065655136
acc_y_st_var,0.0017601816
acc_z_st_var,0.003447317
pitch_mean,0.0031403417
pitch_var,0.046199538
roll_mean,0.004078182
roll_var,0.048442043
acc_x_dy_mean,0.0019362395
acc_y_dy_mean,0.00078379555
acc_z_dy_mean,0.0016201134
acc_x_dy_var,0.0024183283
acc_y_dy_var,0.0023106553
acc_z_dy_var,0.0018836148
acc_x_dy_max,0.0017080471
acc_y_dy_max,0.0015987195
acc_z_dy_max,0.0034151308
acc_x_PDBA_mean,0.0025291662
acc_y_PDBA_mean,0.00094327517
acc_z_PDBA_mean,0.0022409637
ODBA_mean,0.0045639304
ODBA_var,0.0068294993
ODBA_max,0.0014316567
VeDBA_mean,0.14583193
VeDBA_var,0.02931996
VeDBA_max,0.0021143295
VeDBA_s_mean,0.001564703
x_ratio_VeDBA_to_PDBA_mean,0.0010055739
y_ratio_VeDBA_to_PDBA_mean,0.0010529688
z_ratio_VeDBA_to_PDBA_mean,0.0017697595
acc_x_dcp_mean,0.13190591
acc_y_dcp_mean,0.012928859
acc_z_dcp_mean,0.07308783
acc_x_dcp_std,0.002634529
acc_y_dcp_std,0.0026153044
acc_z_dcp_std,0.0041681654
acc_x_main_freq_1,0.004441306
acc_x_main_amp_1,0.0025256
acc_x_main_psd_1,0.0027155755
acc_x_main_freq_2,0.0043032863
acc_x_main_amp_2,0.0011971731
acc_x_main_psd_2,0.0025999777
acc_y_main_freq_1,0.0044269995
acc_y_main_amp_1,0.00074085564
acc_y_main_psd_1,0.017741913
acc_y_main_freq_2,0.0025956687
acc_y_main_amp_2,0.0016447592
acc_y_main_psd_2,0.0027145576
acc_z_main_freq_1,0.0077733593
acc_z_main_amp_1,0.0019464104
acc_z_main_psd_1,0.014519875
acc_z_main_freq_2,0.0024900755
acc_z_main_amp_2,0.0013641391
acc_z_main_psd_2,0.0015520467
acc_x_mean,0.0032083883
acc_y_mean,0.0019102098
acc_z_mean,0.01679948
acc_x_var,0.002677106
acc_y_var,0.001253867
acc_z_var,0.004212784
acc_x_std,0.0017568348
acc_y_std,0.002080619
acc_z_std,0.00471005
acc_x_cv,0.002131027
acc_y_cv,0.0025250087
acc_z_cv,0.0020503453
acc_x_skew,0.0008673873
acc_y_skew,0.000593443
acc_z_skew,0.0013824686
acc_x_kurtosis,0.0020397943
acc_y_kurtosis,0.0011615393
acc_z_kurtosis,0.0017180678
acc_x_max,0.0021880094
acc_y_max,0.0042152405
acc_z_max,0.041596062
acc_x_min,0.0013911962
acc_y_min,0.0018228948
acc_z_min,0.04438271
acc_x_range,0.001198335
acc_y_range,0.0013683831
acc_z_range,0.0030618454
acc_x_q25,0.0031015791
acc_y_q25,0.005407773
acc_z_q25,0.014300305
acc_x_q50,0.002352549
acc_y_q50,0.0012017515
acc_z_q50,0.0025853876
acc_x_q75,0.0063845795
acc_y_q75,0.0020327566
acc_z_q75,0.0033520109
mag_mean,0.001632123
mag_var,0.0017029132
mag_skew,0.002112059
mag_kurtosis,0.0007026349
mag_rms,0.0021544897
acc_x_norm,0.00618112
acc_y_norm,0.0032612176
acc_z_norm,0.0019013068
acc_x_ac,0.016571678
acc_y_ac,0.0052858563
acc_z_ac,0.013153557
acc_x_trend,0.00065080466
acc_y_trend,0.00065343175
acc_z_trend,0.00067392393
mag_trend,0.001039545
cov_xy,0.0011920774
cov_yz,0.013779117
cov_zx,0.013947516
corr_xy,0.0013958637
corr_yz,0.003004186
corr_zx,0.003385453
diff_xy_mean,0.0029686894
diff_yz_mean,0.0016339954
diff_zx_mean,0.0046492536
diff_xy_std,0.001451841
diff_yz_std,0.002810272
diff_zx_std,0.004211416
acc_x_st_mean,0.0014357062
acc_y_st_mean,0.0023673626
acc_z_st_mean,0.007833598
acc_x_st_var,0.0062379753
acc_y_st_var,0.0016404177
acc_z_st_var,0.002450728
pitch_mean,0.0020323163
pitch_var,0.045554798
roll_mean,0.004126367
roll_var,0.04708664
acc_x_dy_mean,0.0015888155
acc_y_dy_mean,0.00080336456
acc_z_dy_mean,0.0013856405
acc_x_dy_var,0.0023076606
acc_y_dy_var,0.0059243483
acc_z_dy_var,0.0038450616
acc_x_dy_max,0.0024898895
acc_y_dy_max,0.001108041
acc_z_dy_max,0.0033751535
acc_x_PDBA_mean,0.0029383302
acc_y_PDBA_mean,0.0013752477
acc_z_PDBA_mean,0.0009946972
ODBA_mean,0.0017786468
ODBA_var,0.0135326525
ODBA_max,0.0011820261
VeDBA_mean,0.20691533
VeDBA_var,0.033484507
VeDBA_max,0.0025062438
VeDBA_s_mean,0.002648942
x_ratio_VeDBA_to_PDBA_mean,0.00082662783
y_ratio_VeDBA_to_PDBA_mean,0.0011580733
z_ratio_VeDBA_to_PDBA_mean,0.0018854013
acc_x_dcp_mean,0.1405001
acc_y_dcp_mean,0.031978726
acc_z_dcp_mean,0.03481394
acc_x_dcp_std,0.0041344045
acc_y_dcp_std,0.0017395823
acc_z_dcp_std,0.0022381507
acc_x_main_freq_1,0.0045438264
acc_x_main_amp_1,0.0012097162
acc_x_main_psd_1,0.0018759113
acc_x_main_freq_2,0.0035092838
acc_x_main_amp_2,0.0020789548
acc_x_main_psd_2,0.002278419
acc_y_main_freq_1,0.0021485507
acc_y_main_amp_1,0.0017868162
acc_y_main_psd_1,0.015204802
acc_y_main_freq_2,0.0033380934
acc_y_main_amp_2,0.0013935715
acc_y_main_psd_2,0.002992627
acc_z_main_freq_1,0.009079316
acc_z_main_amp_1,0.003439212
acc_z_main_psd_1,0.0032782936
acc_z_main_freq_2,0.0023992124
acc_z_main_amp_2,0.0008889287
acc_z_main_psd_2,0.001200911
acc_x_mean,0.0018638828
acc_y_mean,0.0016218179
acc_z_mean,0.008182933
acc_x_var,0.0033721644
acc_y_var,0.0009980685
acc_z_var,0.002549321
acc_x_std,0.0012992612
acc_y_std,0.0010818373
acc_z_std,0.0026299888
acc_x_cv,0.0022517066
acc_y_cv,0.0031388195
acc_z_cv,0.0026226284
acc_x_skew,0.00080544327
acc_y_skew,0.00075426936
acc_z_skew,0.0017456111
acc_x_kurtosis,0.0033063376
acc_y_kurtosis,0.0012521767
acc_z_kurtosis,0.0048199887
acc_x_max,0.0021857992
acc_y_max,0.0031105566
acc_z_max,0.05501892
acc_x_min,0.0019162451
acc_y_min,0.0016026987
acc_z_min,0.03228581
acc_x_range,0.0026269509
acc_y_range,0.0019950934
acc_z_range,0.0037390082
acc_x_q25,0.0025856087
acc_y_q25,0.007027313
acc_z_q25,0.014892621
acc_x_q50,0.0053859013
acc_y_q50,0.0012009991
acc_z_q50,0.0050850958
acc_x_q75,0.011790827
acc_y_q75,0.0024813542
acc_z_q75,0.004194468
mag_mean,0.0038103415
mag_var,0.0020729834
mag_skew,0.0017106909
mag_kurtosis,0.00066029635
mag_rms,0.0013198713
acc_x_norm,0.004588931
acc_y_norm,0.003281507
acc_z_norm,0.005403555
acc_x_ac,0.016716579
acc_y_ac,0.008318686
acc_z_ac,0.012482709
acc_x_trend,0.000814343
acc_y_trend,0.00059901987
acc_z_trend,0.0011604594
mag_trend,0.0011579506
cov_xy,0.0014888995
cov_yz,0.015498098
cov_zx,0.021938996
corr_xy,0.0012920885
corr_yz,0.0035505749
corr_zx,0.00333122
diff_xy_mean,0.0029440331
diff_yz_mean,0.0024211202
diff_zx_mean,0.004777014
diff_xy_std,0.0046468466
diff_yz_std,0.0022491293
diff_zx_std,0.0049611675
acc_x_st_mean,0.0055966172
acc_y_st_mean,0.0026181133
acc_z_st_mean,0.0096158385
acc_x_st_var,0.0031866813
acc_y_st_var,0.0022697817
acc_z_st_var,0.0025859436
pitch_mean,0.0011018346
pitch_var,0.04887013
roll_mean,0.0030571325
roll_var,0.049503498
acc_x_dy_mean,0.0016594358
acc_y_dy_mean,0.00052205485
acc_z_dy_mean,0.0018619719
acc_x_dy_var,0.0030255027
acc_y_dy_var,0.0017219001
acc_z_dy_var,0.0028959925
acc_x_dy_max,0.0020545206
acc_y_dy_max,0.004006038
acc_z_dy_max,0.0038306192
acc_x_PDBA_mean,0.0023418947
acc_y_PDBA_mean,0.0026145058
acc_z_PDBA_mean,0.0020900827
ODBA_mean,0.0030758935
ODBA_var,0.0129474485
ODBA_max,0.0006952352
VeDBA_mean,0.10757126
VeDBA_var,0.10353222
VeDBA_max,0.0011518782
VeDBA_s_mean,0.0005199394
x_ratio_VeDBA_to_PDBA_mean,0.00088688685
y_ratio_VeDBA_to_PDBA_mean,0.0015761763
z_ratio_VeDBA_to_PDBA_mean,0.0021618179
acc_x_dcp_mean,0.13438956
acc_y_dcp_mean,0.027712587
acc_z_dcp_mean,0.04041565
acc_x_dcp_std,0.0043789153
acc_y_dcp_std,0.0024911335
acc_z_dcp_std,0.0024662062
acc_x_main_freq_1,0.0037117903
acc_x_main_amp_1,0.0013882193
acc_x_main_psd_1,0.0024854762
acc_x_main_freq_2,0.0026657218
acc_x_main_amp_2,0.001967823
acc_x_main_psd_2,0.0027584801
acc_y_main_freq_1,0.0023559523
acc_y_main_amp_1,0.000720112
acc_y_main_psd_1,0.017796738
acc_y_main_freq_2,0.002596744
acc_y_main_amp_2,0.0012985762
acc_y_main_psd_2,0.0011392153
acc_z_main_freq_1,0.007839561
acc_z_main_amp_1,0.0033006696
acc_z_main_psd_1,0.0012967562
acc_z_main_freq_2,0.0027285048
acc_z_main_amp_2,0.0026122902
acc_z_main_psd_2,0.0017158691
acc_x_mean,0.0018914152
acc_y_mean,0.00400009
acc_z_mean,0.010066542
acc_x_var,0.003129249
acc_y_var,0.0009657728
acc_z_var,0.0050087934
acc_x_std,0.00101377
acc_y_std,0.0014324968
acc_z_std,0.0050541908
acc_x_cv,0.0023093687
acc_y_cv,0.0034488835
acc_z_cv,0.0020097527
acc_x_skew,0.00082116225
acc_y_skew,0.0008954045
acc_z_skew,0.0019184401
acc_x_kurtosis,0.0018109558
acc_y_kurtosis,0.0014738434
acc_z_kurtosis,0.0033472998
acc_x_max,0.0026523992
acc_y_max,0.0029792495
acc_z_max,0.042755395
acc_x_min,0.002199271
acc_y_min,0.0017866138
acc_z_min,0.033102687
acc_x_range,0.0024666698
acc_y_range,0.0017839363
acc_z_range,0.0035368996
acc_x_q25,0.0029641534
acc_y_q25,0.0049704895
acc_z_q25,0.01791714
acc_x_q50,0.0031797774
acc_y_q50,0.0016903171
acc_z_q50,0.0048583117
acc_x_q75,0.010562285
acc_y_q75,0.0012301186
acc_z_q75,0.0051529324
mag_mean,0.0032224748
mag_var,0.0012886622
mag_skew,0.0018078502
mag_kurtosis,0.00048101568
mag_rms,0.0015932361
acc_x_norm,0.0060042813
acc_y_norm,0.0037940568
acc_z_norm,0.003605417
acc_x_ac,0.015405673
acc_y_ac,0.005629705
acc_z_ac,0.0135690905
acc_x_trend,0.00087441213
acc_y_trend,0.0007128203
acc_z_trend,0.0011042873
mag_trend,0.0011594117
cov_xy,0.0011719095
cov_yz,0.0142268585
cov_zx,0.019023625
corr_xy,0.0014607523
corr_yz,0.0036178874
corr_zx,0.0030011914
diff_xy_mean,0.0026084033
diff_yz_mean,0.0018012469
diff_zx_mean,0.00609366
diff_xy_std,0.0024838333
diff_yz_std,0.0052960054
diff_zx_std,0.0046747806
acc_x_st_mean,0.0013893442
acc_y_st_mean,0.0038490654
acc_z_st_mean,0.010226882
acc_x_st_var,0.0061091883
acc_y_st_var,0.0019696583
acc_z_st_var,0.0022355246
pitch_mean,0.001192103
pitch_var,0.045219615
roll_mean,0.0027874217
roll_var,0.050320107
acc_x_dy_mean,0.0014322825
acc_y_dy_mean,0.0011488771
acc_z_dy_mean,0.0013058742
acc_x_dy_var,0.001565868
acc_y_dy_var,0.0045666676
acc_z_dy_var,0.004359824
acc_x_dy_max,0.0011888406
acc_y_dy_max,0.002599651
acc_z_dy_max,0.0026898575
acc_x_PDBA_mean,0.0027106605
acc_y_PDBA_mean,0.0020250601
acc_z_PDBA_mean,0.0015567695
ODBA_mean,0.0056099882
ODBA_var,0.020488592
ODBA_max,0.0017110175
VeDBA_mean,0.14031231
VeDBA_var,0.06034956
VeDBA_max,0.0007464908
VeDBA_s_mean,0.012570925
x_ratio_VeDBA_to_PDBA_mean,0.0010540719
y_ratio_VeDBA_to_PDBA_mean,0.0012375609
z_ratio_VeDBA_to_PDBA_mean,0.0021202457
acc_x_dcp_mean,0.12457055
acc_y_dcp_mean,0.033434056
acc_z_dcp_mean,0.045438852
acc_x_dcp_std,0.0037461661
acc_y_dcp_std,0.0017438168
acc_z_dcp_std,0.0021037024
acc_x_main_freq_1,0.0054598777
acc_x_main_amp_1,0.0016442295
acc_x_main_psd_1,0.0017433309
acc_x_main_freq_2,0.003889756
acc_x_main_amp_2,0.0009960756
acc_x_main_psd_2,0.0034684618
acc_y_main_freq_1,0.0037716844
acc_y_main_amp_1,0.00077336445
acc_y_main_psd_1,0.015736792
acc_y_main_freq_2,0.0037404806
acc_y_main_amp_2,0.0009134257
acc_y_main_psd_2,0.0041455636
acc_z_main_freq_1,0.009764536
acc_z_main_amp_1,0.0033241916
acc_z_main_psd_1,0.0021127907
acc_z_main_freq_2,0.0033757435
acc_z_main_amp_2,0.0011623689
acc_z_main_psd_2,0.0021916835
acc_x_mean,0.0019892233
acc_y_mean,0.0016778338
acc_z_mean,0.001089365
acc_x_var,0.002444459
acc_y_var,0.0028076055
acc_z_var,0.0030681964
acc_x_std,0.0013129243
acc_y_std,0.0011325217
acc_z_std,0.002883984
acc_x_cv,0.002085242
acc_y_cv,0.0019093148
acc_z_cv,0.0015106263
acc_x_skew,0.0009273188
acc_y_skew,0.0011637633
acc_z_skew,0.0009871309
acc_x_kurtosis,0.004492171
acc_y_kurtosis,0.001401846
acc_z_kurtosis,0.0011822417
acc_x_max,0.0015024556
acc_y_max,0.002148613
acc_z_max,0.059949175
acc_x_min,0.002840712
acc_y_min,0.0025838164
acc_z_min,0.047151323
acc_x_range,0.0012890109
acc_y_range,0.0021658062
acc_z_range,0.0034000536
acc_x_q25,0.0033483747
acc_y_q25,0.005209144
acc_z_q25,0.01206451
acc_x_q50,0.00301342
acc_y_q50,0.0021265114
acc_z_q50,0.0023857728
acc_x_q75,0.009273976
acc_y_q75,0.0016103399
acc_z_q75,0.0036314938
mag_mean,0.0049121478
mag_var,0.0025225463
mag_skew,0.0038851455
mag_kurtosis,0.000918768
mag_rms,0.0036382086
acc_x_norm,0.0032432682
acc_y_norm,0.003566426
acc_z_norm,0.0076660463
acc_x_ac,0.016841793
acc_y_ac,0.009211377
acc_z_ac,0.013835481
acc_x_trend,0.00086929934
acc_y_trend,0.0005618193
acc_z_trend,0.0006753843
mag_trend,0.0008374584
cov_xy,0.0030165825
cov_yz,0.011228077
cov_zx,0.019895926
corr_xy,0.0014224936
corr_yz,0.003378951
corr_zx,0.0025290065
diff_xy_mean,0.0035675624
diff_yz_mean,0.003547558
diff_zx_mean,0.0050329235
diff_xy_std,0.0015277861
diff_yz_std,0.0019816717
diff_zx_std,0.0029186606
acc_x_st_mean,0.0016086036
acc_y_st_mean,0.00234386
acc_z_st_mean,0.010265406
acc_x_st_var,0.0039582932
acc_y_st_var,0.0018812434
acc_z_st_var,0.002644954
pitch_mean,0.0020309018
pitch_var,0.056424104
roll_mean,0.007118318
roll_var,0.051831644
acc_x_dy_mean,0.0023492845
acc_y_dy_mean,0.0006257719
acc_z_dy_mean,0.0020879847
acc_x_dy_var,0.0046798997
acc_y_dy_var,0.0028413073
acc_z_dy_var,0.0029149577
acc_x_dy_max,0.00086307526
acc_y_dy_max,0.0027027032
acc_z_dy_max,0.0024853447
acc_x_PDBA_mean,0.002254569
acc_y_PDBA_mean,0.0037470502
acc_z_PDBA_mean,0.0036694177
ODBA_mean,0.0072499695
ODBA_var,0.023025297
ODBA_max,0.002251226
VeDBA_mean,0.045744568
VeDBA_var,0.10016471
VeDBA_max,0.00078205206
VeDBA_s_mean,0.0006099938
x_ratio_VeDBA_to_PDBA_mean,0.0011293041
y_ratio_VeDBA_to_PDBA_mean,0.001164631
z_ratio_VeDBA_to_PDBA_mean,0.00235929
acc_x_dcp_mean,0.1691191
acc_y_dcp_mean,0.022749014
acc_z_dcp_mean,0.041908026
acc_x_dcp_std,0.0036465335
acc_y_dcp_std,0.0013809932
acc_z_dcp_std,0.0021442529
acc_x_main_freq_1,0.005397987
acc_x_main_amp_1,0.0015718184
acc_x_main_psd_1,0.0019562317
acc_x_main_freq_2,0.0046300543
acc_x_main_amp_2,0.0019685773
acc_x_main_psd_2,0.0036473246
acc_y_main_freq_1,0.0018064188
acc_y_main_amp_1,0.015032786
acc_y_main_psd_1,0.00459148
acc_y_main_freq_2,0.0016936567
acc_y_main_amp_2,0.0011737808
acc_y_main_psd_2,0.008017302
acc_z_main_freq_1,0.0083907675
acc_z_main_amp_1,0.0025911338
acc_z_main_psd_1,0.0007982061
acc_z_main_freq_2,0.0036766853
acc_z_main_amp_2,0.0013742553
acc_z_main_psd_2,0.001931113
acc_x_mean,0.0012677002
acc_y_mean,0.001797131
acc_z_mean,0.0024464086
acc_x_var,0.0030472125
acc_y_var,0.002302031
acc_z_var,0.0061619864
acc_x_std,0.0022825156
acc_y_std,0.0016958516
acc_z_std,0.0045158844
acc_x_cv,0.0017119255
acc_y_cv,0.0038597693
acc_z_cv,0.0015987287
acc_x_skew,0.0012670727
acc_y_skew,0.0007157495
acc_z_skew,0.0012001563
acc_x_kurtosis,0.0023318778
acc_y_kurtosis,0.0013631973
acc_z_kurtosis,0.0010491312
acc_x_max,0.0018935497
acc_y_max,0.0031317067
acc_z_max,0.051974993
acc_x_min,0.0017751459
acc_y_min,0.0027699317
acc_z_min,0.038492214
acc_x_range,0.0050208145
acc_y_range,0.0013705972
acc_z_range,0.0050739325
acc_x_q25,0.006801138
acc_y_q25,0.003934561
acc_z_q25,0.026656877
acc_x_q50,0.0068042125
acc_y_q50,0.0017901167
acc_z_q50,0.0035877018
acc_x_q75,0.009802553
acc_y_q75,0.002615961
acc_z_q75,0.0038268825
mag_mean,0.0034194142
mag_var,0.0016736861
mag_skew,0.006495637
mag_kurtosis,0.0006464557
mag_rms,0.0036738433
acc_x_norm,0.018226732
acc_y_norm,0.008006832
acc_z_norm,0.011513284
acc_x_ac,0.0061854417
acc_y_ac,0.0076131765
acc_z_ac,0.011575539
acc_x_trend,0.00070267514
acc_y_trend,0.0009716948
acc_z_trend,0.0006678883
mag_trend,0.0011704501
cov_xy,0.0010826414
cov_yz,0.002014785
cov_zx,0.00780295
corr_xy,0.00078998477
corr_yz,0.002763816
corr_zx,0.0031055417
diff_xy_mean,0.0029863394
diff_yz_mean,0.0011378983
diff_zx_mean,0.0028019494
diff_xy_std,0.0015032128
diff_yz_std,0.002617143
diff_zx_std,0.0030789606
acc_x_st_mean,0.009769771
acc_y_st_mean,0.0052542076
acc_z_st_mean,0.012226552
acc_x_st_var,0.0037193277
acc_y_st_var,0.003432874
acc_z_st_var,0.0026884375
pitch_mean,0.00095819705
pitch_var,0.046561457
roll_mean,0.004239409
roll_var,0.07515043
acc_x_dy_mean,0.0015149205
acc_y_dy_mean,0.0008748917
acc_z_dy_mean,0.001736006
acc_x_dy_var,0.0014664386
acc_y_dy_var,0.002330659
acc_z_dy_var,0.0016134417
acc_x_dy_max,0.001946475
acc_y_dy_max,0.0023786682
acc_z_dy_max,0.0040451395
acc_x_PDBA_mean,0.002535172
acc_y_PDBA_mean,0.0026828721
acc_z_PDBA_mean,0.0017960385
ODBA_mean,0.0038092001
ODBA_var,0.009269395
ODBA_max,0.0011615366
VeDBA_mean,0.114761956
VeDBA_var,0.055424005
VeDBA_max,0.0033630973
VeDBA_s_mean,0.0017216423
x_ratio_VeDBA_to_PDBA_mean,0.0014952875
y_ratio_VeDBA_to_PDBA_mean,0.0019917705
z_ratio_VeDBA_to_PDBA_mean,0.0027167138
acc_x_dcp_mean,0.14585368
acc_y_dcp_mean,0.023219012
acc_z_dcp_mean,0.0471481
acc_x_dcp_std,0.0066066217
acc_y_dcp_std,0.0019991307
acc_z_dcp_std,0.0016577444
acc_x_main_freq_1,0.0038162179
acc_x_main_amp_1,0.0012442858
acc_x_main_psd_1,0.002608444
acc_x_main_freq_2,0.002966669
acc_x_main_amp_2,0.00089230906
acc_x_main_psd_2,0.0026074466
acc_y_main_freq_1,0.004109956
acc_y_main_amp_1,0.008881782
acc_y_main_psd_1,0.0010369741
acc_y_main_freq_2,0.0032846371
acc_y_main_amp_2,0.0010521373
acc_y_main_psd_2,0.0010568501
acc_z_main_freq_1,0.010589052
acc_z_main_amp_1,0.003546252
acc_z_main_psd_1,0.0016111904
acc_z_main_freq_2,0.0033906577
acc_z_main_amp_2,0.00227615
acc_z_main_psd_2,0.0017435673
acc_x_mean,0.0024866352
acc_y_mean,0.0016107553
acc_z_mean,0.028818216
acc_x_var,0.0019660513
acc_y_var,0.0018878925
acc_z_var,0.0020073508
acc_x_std,0.0024358497
acc_y_std,0.0013643039
acc_z_std,0.003201909
acc_x_cv,0.0020486512
acc_y_cv,0.0033114397
acc_z_cv,0.0015225274
acc_x_skew,0.0013262465
acc_y_skew,0.0007365175
acc_z_skew,0.0010105431
acc_x_kurtosis,0.0027655163
acc_y_kurtosis,0.0011003624
acc_z_kurtosis,0.00139989
acc_x_max,0.00270648
acc_y_max,0.0018108326
acc_z_max,0.043628294
acc_x_min,0.0019710448
acc_y_min,0.008969626
acc_z_min,0.044648625
acc_x_range,0.0024830608
acc_y_range,0.0010458364
acc_z_range,0.003115908
acc_x_q25,0.0038623228
acc_y_q25,0.008193907
acc_z_q25,0.013750169
acc_x_q50,0.003661453
acc_y_q50,0.0017946425
acc_z_q50,0.0022907355
acc_x_q75,0.0067357863
acc_y_q75,0.002451115
acc_z_q75,0.015025036
mag_mean,0.0026453442
mag_var,0.0009908264
mag_skew,0.0019295376
mag_kurtosis,0.00082412275
mag_rms,0.003083845
acc_x_norm,0.0056021707
acc_y_norm,0.0056639863
acc_z_norm,0.021128811
acc_x_ac,0.0130833965
acc_y_ac,0.006158163
acc_z_ac,0.010577215
acc_x_trend,0.0008571749
acc_y_trend,0.00089985057
acc_z_trend,0.00067244354
mag_trend,0.000890575
cov_xy,0.0018280012
cov_yz,0.017990971
cov_zx,0.014962407
corr_xy,0.0010702485
corr_yz,0.0038138942
corr_zx,0.0037634547
diff_xy_mean,0.0022717756
diff_yz_mean,0.0016221254
diff_zx_mean,0.0049301637
diff_xy_std,0.0018370686
diff_yz_std,0.003715731
diff_zx_std,0.003834284
acc_x_st_mean,0.0012270004
acc_y_st_mean,0.0033350564
acc_z_st_mean,0.00909937
acc_x_st_var,0.0052443333
acc_y_st_var,0.0018444242
acc_z_st_var,0.0026859613
pitch_mean,0.0012112354
pitch_var,0.048591696
roll_mean,0.00306923
roll_var,0.045017216
acc_x_dy_mean,0.0016495852
acc_y_dy_mean,0.00060201855
acc_z_dy_mean,0.0015957935
acc_x_dy_var,0.003055336
acc_y_dy_var,0.004283305
acc_z_dy_var,0.0022052499
acc_x_dy_max,0.002479216
acc_y_dy_max,0.0011144765
acc_z_dy_max,0.0043367664
acc_x_PDBA_mean,0.0038050252
acc_y_PDBA_mean,0.0038174684
acc_z_PDBA_mean,0.0015995634
ODBA_mean,0.004866631
ODBA_var,0.0040924856
ODBA_max,0.0010702023
VeDBA_mean,0.10565708
VeDBA_var,0.063837305
VeDBA_max,0.0019663605
VeDBA_s_mean,0.0031408204
x_ratio_VeDBA_to_PDBA_mean,0.0012004668
y_ratio_VeDBA_to_PDBA_mean,0.0014776732
z_ratio_VeDBA_to_PDBA_mean,0.0022852323
acc_x_dcp_mean,0.14392751
acc_y_dcp_mean,0.03038734
acc_z_dcp_mean,0.05009924
acc_x_dcp_std,0.005216294
acc_y_dcp_std,0.0027437052
acc_z_dcp_std,0.0035899694
acc_x_main_freq_1,0.0018919987
acc_x_main_amp_1,0.0010348255
acc_x_main_psd_1,0.003577544
acc_x_main_freq_2,0.0026192267
acc_x_main_amp_2,0.0016526463
acc_x_main_psd_2,0.0026229986
acc_y_main_freq_1,0.0021574185
acc_y_main_amp_1,0.0021608279
acc_y_main_psd_1,0.010689693
acc_y_main_freq_2,0.003282148
acc_y_main_amp_2,0.0011225828
acc_y_main_psd_2,0.00094858225
acc_z_main_freq_1,0.010229456
acc_z_main_amp_1,0.002896835
acc_z_main_psd_1,0.0029478115
acc_z_main_freq_2,0.0036011124
acc_z_main_amp_2,0.0013836491
acc_z_main_psd_2,0.0019598813
acc_x_mean,0.0019974643
acc_y_mean,0.0015509683
acc_z_mean,0.02131664
acc_x_var,0.0025994538
acc_y_var,0.0008222825
acc_z_var,0.0036122685
acc_x_std,0.002845322
acc_y_std,0.002187685
acc_z_std,0.0018466782
acc_x_cv,0.0022553771
acc_y_cv,0.003110711
acc_z_cv,0.00084875774
acc_x_skew,0.00085256074
acc_y_skew,0.0008725713
acc_z_skew,0.0008762289
acc_x_kurtosis,0.0034474917
acc_y_kurtosis,0.0010418983
acc_z_kurtosis,0.0053354194
acc_x_max,0.0020302434
acc_y_max,0.0043967413
acc_z_max,0.043072242
acc_x_min,0.0020316886
acc_y_min,0.002370189
acc_z_min,0.038169693
acc_x_range,0.007916927
acc_y_range,0.0014046946
acc_z_range,0.0034026066
acc_x_q25,0.0037123663
acc_y_q25,0.0071435533
acc_z_q25,0.008753505
acc_x_q50,0.0035582369
acc_y_q50,0.0023219022
acc_z_q50,0.0025469223
acc_x_q75,0.006202703
acc_y_q75,0.0019319124
acc_z_q75,0.0034245178
mag_mean,0.0021643594
mag_var,0.0009486774
mag_skew,0.0025337408
mag_kurtosis,0.00057456485
mag_rms,0.0013005981
acc_x_norm,0.0041305814
acc_y_norm,0.0017403672
acc_z_norm,0.0016017414
acc_x_ac,0.015959248
acc_y_ac,0.0072482214
acc_z_ac,0.0125196725
acc_x_trend,0.0006747143
acc_y_trend,0.00053754775
acc_z_trend,0.00055321556
mag_trend,0.0007895409
cov_xy,0.0016432281
cov_yz,0.010418364
cov_zx,0.025065724
corr_xy,0.0021080093
corr_yz,0.005192163
corr_zx,0.0040689213
diff_xy_mean,0.0028719667
diff_yz_mean,0.0035539253
diff_zx_mean,0.0043905214
diff_xy_std,0.0015453573
diff_yz_std,0.00284504
diff_zx_std,0.006684245
acc_x_st_mean,0.0022590922
acc_y_st_mean,0.0025277727
acc_z_st_mean,0.009856687
acc_x_st_var,0.0034041891
acc_y_st_var,0.0036668815
acc_z_st_var,0.0032459258
pitch_mean,0.0013557144
pitch_var,0.04101328
roll_mean,0.003614127
roll_var,0.046472635
acc_x_dy_mean,0.0023000354
acc_y_dy_mean,0.0008529827
acc_z_dy_mean,0.0014679143
acc_x_dy_var,0.004519672
acc_y_dy_var,0.003711543
acc_z_dy_var,0.0031950227
acc_x_dy_max,0.0016039974
acc_y_dy_max,0.0028978547
acc_z_dy_max,0.0024366833
acc_x_PDBA_mean,0.0030375875
acc_y_PDBA_mean,0.0012967474
acc_z_PDBA_mean,0.002038069
ODBA_mean,0.0032585645
ODBA_var,0.008454217
ODBA_max,0.0011587555
VeDBA_mean,0.11996058
VeDBA_var,0.06761416
VeDBA_max,0.00095905614
VeDBA_s_mean,0.001533606
x_ratio_VeDBA_to_PDBA_mean,0.0006600137
y_ratio_VeDBA_to_PDBA_mean,0.00116286
z_ratio_VeDBA_to_PDBA_mean,0.0021481293
acc_x_dcp_mean,0.15925606
acc_y_dcp_mean,0.016511705
acc_z_dcp_mean,0.053169694
acc_x_dcp_std,0.009577686
acc_y_dcp_std,0.004739621
acc_z_dcp_std,0.0017148582
acc_x_main_freq_1,0.003202796
acc_x_main_amp_1,0.0017881035
acc_x_main_psd_1,0.0048176567
acc_x_main_freq_2,0.0038672986
acc_x_main_amp_2,0.0027960276
acc_x_main_psd_2,0.0030435103
acc_y_main_freq_1,0.0021619422
acc_y_main_amp_1,0.0010916482
acc_y_main_psd_1,0.009887812
acc_y_main_freq_2,0.002833119
acc_y_main_amp_2,0.0010481304
acc_y_main_psd_2,0.0018770488
acc_z_main_freq_1,0.0049449597
acc_z_main_amp_1,0.0014209099
acc_z_main_psd_1,0.022655865
acc_z_main_freq_2,0.0025790047
acc_z_main_amp_2,0.0038451697
acc_z_main_psd_2,0.002010342
acc_x_mean,0.005473982
acc_y_mean,0.0017636151
acc_z_mean,0.004139474
acc_x_var,0.0023361987
acc_y_var,0.0010752758
acc_z_var,0.003275703
acc_x_std,0.0019123738
acc_y_std,0.001772612
acc_z_std,0.004669811
acc_x_cv,0.001669611
acc_y_cv,0.0032924812
acc_z_cv,0.0041322624
acc_x_skew,0.0007643303
acc_y_skew,0.00065096817
acc_z_skew,0.0015191624
acc_x_kurtosis,0.001530164
acc_y_kurtosis,0.001907342
acc_z_kurtosis,0.001650388
acc_x_max,0.0026427533
acc_y_max,0.0021526322
acc_z_max,0.0447111
acc_x_min,0.001963844
acc_y_min,0.0027297642
acc_z_min,0.047676653
acc_x_range,0.006873736
acc_y_range,0.0021159595
acc_z_range,0.0051026023
acc_x_q25,0.0034672236
acc_y_q25,0.0067533576
acc_z_q25,0.013740349
acc_x_q50,0.0039709453
acc_y_q50,0.0013952141
acc_z_q50,0.002977078
acc_x_q75,0.011908552
acc_y_q75,0.0036843538
acc_z_q75,0.00261084
mag_mean,0.0025279
mag_var,0.0020176633
mag_skew,0.0028348912
mag_kurtosis,0.0005232363
mag_rms,0.0039996896
acc_x_norm,0.0034843888
acc_y_norm,0.0035445993
acc_z_norm,0.004327591
acc_x_ac,0.016590435
acc_y_ac,0.005487685
acc_z_ac,0.01778737
acc_x_trend,0.0008278473
acc_y_trend,0.00067585026
acc_z_trend,0.0008012868
mag_trend,0.0013137633
cov_xy,0.001083003
cov_yz,0.006544612
cov_zx,0.026165701
corr_xy,0.0015231305
corr_yz,0.0033127444
corr_zx,0.002114904
diff_xy_mean,0.00407696
diff_yz_mean,0.0029385549
diff_zx_mean,0.009177549
diff_xy_std,0.0013797258
diff_yz_std,0.0020937228
diff_zx_std,0.0032729928
acc_x_st_mean,0.0055621304
acc_y_st_mean,0.0026102876
acc_z_st_mean,0.017669566
acc_x_st_var,0.0031368956
acc_y_st_var,0.001681982
acc_z_st_var,0.0051339325
pitch_mean,0.0023449159
pitch_var,0.041276287
roll_mean,0.005820362
roll_var,0.052371003
acc_x_dy_mean,0.0016217319
acc_y_dy_mean,0.0008675789
acc_z_dy_mean,0.0013178964
acc_x_dy_var,0.003967449
acc_y_dy_var,0.0057640076
acc_z_dy_var,0.005414632
acc_x_dy_max,0.0017386915
acc_y_dy_max,0.005203234
acc_z_dy_max,0.0033407686
acc_x_PDBA_mean,0.003873316
acc_y_PDBA_mean,0.0018304413
acc_z_PDBA_mean,0.0035736053
ODBA_mean,0.0041769743
ODBA_var,0.023257438
ODBA_max,0.00068499416
VeDBA_mean,0.10067667
VeDBA_var,0.08180799
VeDBA_max,0.0008865392
VeDBA_s_mean,0.0024567738
x_ratio_VeDBA_to_PDBA_mean,0.0011304042
y_ratio_VeDBA_to_PDBA_mean,0.001118341
z_ratio_VeDBA_to_PDBA_mean,0.0019171991
acc_x_dcp_mean,0.12409178
acc_y_dcp_mean,0.02966287
acc_z_dcp_mean,0.056111094
acc_x_dcp_std,0.0016560327
acc_y_dcp_std,0.0015248335
acc_z_dcp_std,0.0025182418
acc_x_main_freq_1,0.0023510235
acc_x_main_amp_1,0.0016614855
acc_x_main_psd_1,0.0020837898
acc_x_main_freq_2,0.003063244
acc_x_main_amp_2,0.0014507147
acc_x_main_psd_2,0.0023362746
acc_y_main_freq_1,0.0030645917
acc_y_main_amp_1,0.009172974
acc_y_main_psd_1,0.0032147702
acc_y_main_freq_2,0.0026640715
acc_y_main_amp_2,0.0011635232
acc_y_main_psd_2,0.0008759757
acc_z_main_freq_1,0.0060633076
acc_z_main_amp_1,0.0026490348
acc_z_main_psd_1,0.0015037924
acc_z_main_freq_2,0.0033647025
acc_z_main_amp_2,0.0014672326
acc_z_main_psd_2,0.0016098594
